smiles	cid	tid
Brc1ccc(-c2cnc3nnc(Cc4c[nH]c5ccccc45)n3n2)cc1	CHEMBL3799231	3717
Brc1ccc(-c2cnc3nnc(Cc4ccc5ncccc5c4)n3n2)cc1	CHEMBL3798130	3717
Brc1ccc(-c2nc3ccc(Nc4ncnc5ccccc45)cc3[nH]2)cc1	CHEMBL3321905	3717
C#CCC(Oc1c(N)ncc2c(-c3cnn(C4CCNCC4)c3)coc12)c1c(Cl)ccc(F)c1Cl	CHEMBL2401818	3717
C#Cc1c(Oc2ccc(-n3cc(C(=O)NCc4ccc(F)cc4)ccc3=O)cc2F)ccnc1N	CHEMBL3309958	3717
C#Cc1c(Oc2ccc(NC(=O)NC(=O)Cc3ccc(F)cc3)cc2F)ccnc1N	CHEMBL502531	3717
C#Cc1c(Oc2ccc(NC(=O)c3cccn(-c4ccc(F)cc4)c3=O)cc2F)ccnc1N	CHEMBL462622	3717
C=C1CN(C)CCc2ccc(Nc3ncc(Cl)c(Nc4ccccc4C(=O)NC)n3)cc21	CHEMBL3263974	3717
C=C1CNCCc2ccc(Nc3ncc(Cl)c(Nc4ccccc4C(=O)NC)n3)cc21	CHEMBL3263973	3717
C=CC(=O)Nc1ccc(-c2ccc(NC(=O)Nc3cccc(Cl)c3)cc2)cn1	CHEMBL4171543	3717
C=CCC(Oc1c(N)ncc2c(-c3cnn(C4CCNCC4)c3)coc12)c1c(Cl)ccc(F)c1Cl	CHEMBL2401817	3717
C=CCOc1cc(=O)n(-c2ccc(Oc3ccnc(N)c3Cl)c(F)c2)cc1C(=O)NCc1ccc(F)cc1	CHEMBL3309967	3717
C=CS(=O)(=O)Nc1ccc2ccc3ncc(-c4ccccc4)cc3c(=O)c2c1	CHEMBL1802823	3717
CC(=O)N1CC=C(c2coc3c(OC(C)c4c(Cl)ccc(F)c4Cl)c(N)ncc23)CC1	CHEMBL2401828	3717
CC(=O)N1CCC(Nc2ccc(-c3n[nH]c4c3CN(S(=O)(=O)c3c(Cl)cccc3Cl)CC4)cc2)CC1	CHEMBL4176824	3717
CC(=O)N1CCC(Nc2ccc(-c3n[nH]c4c3CN(S(=O)(=O)c3cccc([N+](=O)[O-])c3)CC4)cc2)CC1	CHEMBL4161698	3717
CC(=O)N1CCC(n2cc(-c3cnc(F)c(OC(C)c4c(Cl)ccc(F)c4Cl)c3)cn2)CC1	CHEMBL4640560	3717
CC(=O)N1CCC(n2cc(-c3cncc(OC(C)c4c(Cl)ccc(F)c4Cl)c3)cn2)CC1	CHEMBL4638327	3717
CC(=O)N1CCC(n2cc(-c3coc4c(OC(C)c5c(Cl)ccc(F)c5Cl)c(N)ncc34)cn2)CC1	CHEMBL2401819	3717
CC(=O)N1CCN(c2cnc3cc(C(F)(F)F)cc(-c4ccccc4)c3n2)CC1	CHEMBL510459	3717
CC(=O)N1CCN(c2cnc3ccn(S(=O)(=O)c4cccc5nonc45)c3c2)CC1	CHEMBL549980	3717
CC(=O)Nc1cc(Oc2ccc(Nc3nccc4[nH]cc(-c5ccc(F)cc5)c(=O)c34)cc2F)ccn1	CHEMBL4459121	3717
CC(=O)Nc1ccc(-c2n[nH]c3c2CN(S(=O)(=O)c2c(Cl)cccc2Cl)CC3)cc1	CHEMBL4173099	3717
CC(=O)Nc1nc2ccc(Cc3nnc4c(F)cc(-c5cnn(C)c5)cn34)cc2s1	CHEMBL3414745	3717
CC(=O)Nc1nc2ccc(Sc3nnc4ccc(-c5ccc(F)cc5)nn34)cc2s1	CHEMBL4542687	3717
CC(=O)OCCn1cc(-c2cnc3ccc(OC(C)c4c(Cl)ccc(F)c4Cl)cc3n2)cn1	CHEMBL4648693	3717
CC(=O)c1cccc(C(=O)Nc2ccc(Oc3ncnn4cc(OCCN5CCN(C)CC5)c(C)c34)c(F)c2)c1	CHEMBL251780	3717
CC(=O)c1cccc(CNc2cc(C(F)(F)F)cc3ncc(N4CCN(C)CC4)cc23)c1	CHEMBL3221113	3717
CC(=O)c1cccc(Nc2nccc(Oc3ccc(NC(=O)C4(C(=O)Nc5ccc(F)cc5)CC4)cc3F)n2)c1	CHEMBL3287592	3717
CC(C(=O)Nc1ccc(F)cc1)C(=O)Nc1ccc(-c2cccc3onc(N)c23)cc1	CHEMBL3394466	3717
CC(C(N)=O)c1ccc2ccc3ncc(-c4cnn(C)c4)cc3c(=O)c2c1	CHEMBL2324116	3717
CC(C)(C)C(=O)Nc1cc(Oc2ccc(Nc3nccc4[nH]cc(-c5ccc(F)cc5)c(=O)c34)cc2F)ccn1	CHEMBL4460341	3717
CC(C)(C)OC(=O)N1CCC(n2cc(-c3cnc4ccn(S(=O)(=O)c5c(Cl)nc6sccn56)c4c3)cn2)CC1	CHEMBL564440	3717
CC(C)(C)OC(=O)N1CCC(n2cc(-c3cnc4nnc(Cc5ccc6ncccc6c5)n4n3)cn2)CC1	CHEMBL3798590	3717
CC(C)(C)OC(=O)N1CCN(c2cnc3ccn(S(=O)(=O)c4c(Cl)nc5sccn45)c3c2)CC1	CHEMBL550158	3717
CC(C)(C)OC(=O)N1CCN(c2cnc3ccn(S(=O)(=O)c4ccccc4[N+](=O)[O-])c3c2)CC1	CHEMBL556627	3717
CC(C)(C)OC(=O)c1cnc2ccn(S(=O)(=O)c3ccccc3[N+](=O)[O-])c2c1	CHEMBL1822362	3717
CC(C)(C)n1cccc(C(=O)Nc2ccc(Oc3ccnc4[nH]ccc34)c(F)c2)c1=O	CHEMBL507573	3717
CC(C)(O)C(=O)Nc1cc(Oc2ccc(Nc3nccc4[nH]cc(-c5ccc(F)cc5)c(=O)c34)cc2F)ccn1	CHEMBL4549272	3717
CC(C)C(=O)Nc1cc(Oc2ccc(Nc3nccc4[nH]cc(-c5ccc(F)cc5)c(=O)c34)cc2F)ccn1	CHEMBL4468880	3717
CC(C)C(N)C(=O)Nc1cccc(Nc2ncc(Cl)c(Nc3ccccc3S(=O)(=O)C(C)C)n2)c1	CHEMBL3357445	3717
CC(C)CCn1cccc(C(=O)Nc2ccc(Oc3ccnc4[nH]ccc34)c(F)c2)c1=O	CHEMBL453849	3717
CC(C)N1CCN(c2cnc3ccc4ccc(NS(C)(=O)=O)cc4c(=O)c3c2)CC1	CHEMBL1802589	3717
CC(C)Oc1ccn(-c2ccc(F)cc2)c(=O)c1C(=O)Nc1ccc(Oc2ccnc(N)c2Cl)c(F)c1	CHEMBL461582	3717
CC(C)S(=O)(=O)c1ccccc1Nc1nc(NN=Cc2ccc(C(F)(F)F)cc2)ncc1Cl	CHEMBL3893810	3717
CC(C)S(=O)(=O)c1ccccc1Nc1nc(NN=Cc2ccc(F)cc2)ncc1Cl	CHEMBL3921664	3717
CC(C)S(=O)(=O)c1ccccc1Nc1nc(NN=Cc2ccc(OC(F)(F)F)cc2)ncc1Cl	CHEMBL3913728	3717
CC(C)S(=O)(=O)c1ccccc1Nc1nc(NN=Cc2cccc(C(F)(F)F)c2)ncc1Cl	CHEMBL3934594	3717
CC(C)S(=O)(=O)c1ccccc1Nc1nc(Nc2cccc(NC(=O)C(C)(C)N)c2)ncc1Cl	CHEMBL3357447	3717
CC(C)S(=O)(=O)c1ccccc1Nc1nc(Nc2cccc(NC(=O)C(N)Cc3c[nH]cn3)c2)ncc1Cl	CHEMBL3357448	3717
CC(C)S(=O)(=O)c1ccccc1Nc1nc(Nc2cccc(NC(=O)C3CCN3)c2)ncc1Cl	CHEMBL3357451	3717
CC(C)S(=O)(=O)c1ccccc1Nc1nc(Nc2cccc(NC(=O)CCCN)c2)ncc1Cl	CHEMBL3357450	3717
CC(C)S(=O)(=O)c1ccccc1Nc1nc(Nc2cccc(NC(=O)CCN)c2)ncc1Cl	CHEMBL3357449	3717
CC(C)S(=O)(=O)c1ccccc1Nc1nc(Nc2cccc(NC(=O)CN)c2)ncc1Cl	CHEMBL3357439	3717
CC(C)S(=O)(=O)c1ccccc1Nc1nc(Nc2cccc(NC(=O)CN3CC4CC3CC4O)c2)ncc1Cl	CHEMBL3357462	3717
CC(C)S(=O)(=O)c1ccccc1Nc1nc(Nc2cccc(NC(=O)CN3CC4CC3CN4)c2)ncc1Cl	CHEMBL3357460	3717
CC(C)S(=O)(=O)c1ccccc1Nc1nc(Nc2cccc(NC(=O)CN3CC4CNCC4C3)c2)ncc1Cl	CHEMBL3357464	3717
CC(C)S(=O)(=O)c1ccccc1Nc1nc(Nc2cccc(NC(=O)CN3CCC4CNCC43)c2)ncc1Cl	CHEMBL3357463	3717
CC(C)S(=O)(=O)c1ccccc1Nc1nc(Nc2cccc(NC(=O)CN3CCN(C)CC3)c2)ncc1Cl	CHEMBL3357456	3717
CC(C)S(=O)(=O)c1ccccc1Nc1nc(Nc2cccc(NC(=O)CN3CCNCC3)c2)ncc1Cl	CHEMBL3357455	3717
CC(C)S(=O)(=O)c1ccccc1Nc1nc(Nc2cccc(NC(=O)CN3CCOCC3)c2)ncc1Cl	CHEMBL3357453	3717
CC(C)S(=O)(=O)c1ccccc1Nc1nc(Nc2cccc(NC(=O)Cc3ccco3)c2)ncc1Cl	CHEMBL3357465	3717
CC(C)c1c(Oc2ccc(NC(=O)c3cccn(-c4ccc(F)cc4)c3=O)cc2F)ccnc1N	CHEMBL462623	3717
CC(C)c1ccc(Cn2cc(-c3cc(-c4ccc(Br)cc4)nc(N)n3)c3ccccc32)cc1	CHEMBL5193175	3717
CC(C)n1cc(-c2cnc(Nc3cccc(Cn4nc(-c5cnn(C)c5)ccc4=O)c3)nc2)cn1	CHEMBL3759336	3717
CC(C)n1cc(C(=O)Nc2cc(F)c(-c3c[nH]c4ncnc(N)c34)cc2F)c(=O)c(-c2ccc(F)cc2)c1	CHEMBL4871361	3717
CC(C)n1cc(C(=O)Nc2ccc(-c3cn(C)c4ncnc(N)c34)cc2)c(=O)c(-c2ccc(F)cc2)c1	CHEMBL4875762	3717
CC(C)n1cnc(-c2cc3nccc(Oc4ccc(NC(=O)C5CC(=O)N(c6ccccc6)C5)cc4F)c3s2)c1	CHEMBL462023	3717
CC(C)n1cnc(-c2cc3nccc(Oc4ccc(NC(=O)C5CCN(c6ccccc6)C5=O)cc4F)c3s2)c1	CHEMBL459478	3717
CC(N)C(=O)N1CCN(c2cnc3cc(C(F)(F)F)cc(NCc4cccc([N+](=O)[O-])c4)c3c2)CC1	CHEMBL3220878_CHEMBL3220879	3717
CC(N)C(=O)Nc1cccc(Nc2ncc(Cl)c(Nc3ccccc3S(=O)(=O)C(C)C)n2)c1	CHEMBL3357444	3717
CC(NC(=O)c1cc(-c2ccc(N3CCOCC3)nc2)cnc1N)c1c(Cl)ccc(F)c1Cl	CHEMBL2071451	3717
CC(NC(=O)c1cc(-c2ccc(OCC(=O)N3CCOCC3)cc2)cnc1N)c1c(Cl)ccc(F)c1Cl	CHEMBL2071454	3717
CC(NC(=O)c1cc(-c2ccc3c(c2)CC(=O)N3)cnc1N)c1c(Cl)ccc(F)c1Cl	CHEMBL2071452	3717
CC(NC(=O)c1cc(-c2cncnc2)cnc1N)c1c(Cl)ccc(F)c1Cl	CHEMBL2071453	3717
CC(NC(=O)c1cc(-c2cnn(C)c2)cnc1N)c1c(Cl)ccc(F)c1Cl	CHEMBL2071448	3717
CC(NC(=O)c1cc(-c2cnn(C3CCNCC3)c2)cnc1N)c1c(Cl)ccc(F)c1Cl	CHEMBL2071449	3717
CC(NC(=O)c1cc(-c2cnn(C3CCOCC3)c2)cnc1N)c1c(Cl)ccc(F)c1Cl	CHEMBL2071450_CHEMBL2071457	3717
CC(NS(=O)(=O)Cc1ccc2ccc3ncc(-c4cnn(C)c4)cc3c(=O)c2c1)c1ccccc1	CHEMBL2324127	3717
CC(NS(=O)(=O)c1cc(-c2cnn(C3CCNCC3)c2)cnc1N)c1c(Cl)ccc(F)c1Cl	CHEMBL2442125	3717
CC(O)C(=O)N1CCN(c2cnc3cc(C(F)(F)F)cc(NCc4cccc([N+](=O)[O-])c4)c3c2)CC1	CHEMBL3220880	3717
CC(O)C(=O)Nc1cc(Oc2ccc(Nc3nccc4[nH]cc(-c5ccc(F)cc5)c(=O)c34)cc2F)ccn1	CHEMBL4513894	3717
CC(O)c1cc2nccc(Oc3ccc(NC(=S)NC(=O)Cc4ccccc4)cc3F)c2s1	CHEMBL256715	3717
CC(Oc1c(N)ncc2c(-c3ccccc3)coc12)c1c(Cl)ccc(F)c1Cl	CHEMBL2401821	3717
CC(Oc1c(N)ncc2c(-c3ccccn3)coc12)c1c(Cl)ccc(F)c1Cl	CHEMBL2401822	3717
CC(Oc1c(N)ncc2c(-c3cccnc3)coc12)c1c(Cl)ccc(F)c1Cl	CHEMBL2401823	3717
CC(Oc1c(N)ncc2c(-c3ccncc3)coc12)c1c(Cl)ccc(F)c1Cl	CHEMBL2401824	3717
CC(Oc1c(N)ncc2c(-c3cn[nH]c3)coc12)c1c(Cl)ccc(F)c1Cl	CHEMBL2401820	3717
CC(Oc1c(N)ncc2c(-c3cnn(C4CCNCC4)c3)coc12)c1c(Br)ccc(F)c1Cl	CHEMBL2401811	3717
CC(Oc1c(N)ncc2c(-c3cnn(C4CCNCC4)c3)coc12)c1c(Cl)c(F)cc(F)c1Cl	CHEMBL2401810	3717
CC(Oc1c(N)ncc2c(-c3cnn(C4CCNCC4)c3)coc12)c1c(Cl)cc(Cl)cc1Cl	CHEMBL2401812	3717
CC(Oc1c(N)ncc2c(-c3cnn(C4CCNCC4)c3)coc12)c1c(Cl)ccc(Cl)c1Cl	CHEMBL2401808	3717
CC(Oc1c(N)ncc2c(-c3cnn(C4CCNCC4)c3)coc12)c1c(Cl)cccc1Cl	CHEMBL2401835	3717
CC(Oc1c(N)ncc2c(-c3cnn(C4CCNCC4)c3)coc12)c1cc(F)ccc1Cl	CHEMBL2401806	3717
CC(Oc1c(N)ncc2c(-c3cnn(C4CCNCC4)c3)coc12)c1cccc(F)c1Cl	CHEMBL2401807	3717
CC(Oc1c(N)ncc2c(C3=CCN(C(=O)N(C)C)CC3)coc12)c1c(Cl)ccc(F)c1Cl	CHEMBL2401830	3717
CC(Oc1c(N)ncc2c(C3=CCN(C(N)=O)CC3)coc12)c1c(Cl)ccc(F)c1Cl	CHEMBL2401832	3717
CC(Oc1c(N)ncc2c(C3=CCN(S(N)(=O)=O)CC3)coc12)c1c(Cl)ccc(F)c1Cl	CHEMBL2401833	3717
CC(Oc1c(N)ncc2c(C3=CCNCC3)coc12)c1c(Cl)ccc(F)c1Cl	CHEMBL2401825	3717
CC(Oc1c(N)ncc2c(C3CCNCC3)coc12)c1c(Cl)ccc(F)c1Cl	CHEMBL2401826	3717
CC(Oc1c[nH]c(=O)c(-c2nc3ccc(C(=O)NCCN(C)C)cc3[nH]2)c1)c1c(Cl)ccc(F)c1Cl	CHEMBL2376646	3717
CC(Oc1c[nH]c(=O)c(-c2nc3ccc(C(=O)NCCN4CCOCC4)cc3[nH]2)c1)c1c(Cl)ccc(F)c1Cl	CHEMBL2376647	3717
CC(Oc1c[nH]c(=O)c(-c2nc3ccc(N4CCN(C)CC4)cc3[nH]2)c1)c1c(Cl)ccc(F)c1Cl	CHEMBL2376644	3717
CC(Oc1c[nH]c(=O)c(C(=O)NC2CCOCC2)c1)c1c(Cl)ccc(F)c1Cl	CHEMBL2376640	3717
CC(Oc1c[nH]c(=O)c(C(=O)Nc2ccc(CN3CCN(C)CC3)c(C(F)(F)F)c2)c1)c1c(Cl)ccc(F)c1Cl	CHEMBL2376655	3717
CC(Oc1c[nH]c(=O)c(C(=O)Nc2ccc(CN3CCN(C)CC3)cc2)c1)c1c(Cl)ccc(F)c1Cl	CHEMBL2376654	3717
CC(Oc1c[nH]c(=O)c(C(=O)Nc2ccc(N3CCN(C)CC3)nc2)c1)c1c(Cl)ccc(F)c1Cl	CHEMBL2376651	3717
CC(Oc1c[nH]c(=O)c(C(=O)Nc2ccc(N3CCOCC3)nc2)c1)c1c(Cl)ccc(F)c1Cl	CHEMBL2376652	3717
CC(Oc1c[nH]c(=O)c(C(=O)Nc2ccc(OCCN3CCOCC3)cc2)c1)c1c(Cl)ccc(F)c1Cl	CHEMBL2376635	3717
CC(Oc1c[nH]c(=O)c(C(=O)Nc2ccc3c(c2)CN(CCN(C)C)C3=O)c1)c1c(Cl)ccc(F)c1Cl	CHEMBL2376659	3717
CC(Oc1c[nH]c(=O)c(C(=O)Nc2cccc(CN3CCCCC3)c2)c1)c1c(Cl)ccc(F)c1Cl	CHEMBL2376656	3717
CC(Oc1c[nH]c(=O)c(C(=O)Nc2ccccc2)c1)c1c(Cl)ccc(F)c1Cl	CHEMBL2376649	3717
CC(Oc1c[nH]c(=O)c(C(=O)Nc2cnn(C)c2)c1)c1c(Cl)ccc(F)c1Cl	CHEMBL2376636	3717
CC(Oc1c[nH]c(=O)c(C(=O)Nc2cnn(C3CCNCC3)c2)c1)c1c(Cl)ccc(F)c1Cl	CHEMBL2376638	3717
CC(Oc1c[nH]c(=O)c(C(=O)Nc2cnn(CCO)c2)c1)c1c(Cl)ccc(F)c1Cl	CHEMBL2376637	3717
CC(Oc1cc(-c2ccc3c(c2)NC(=O)C32CCN(C)CC2)cnc1N)c1c(Cl)ccc(F)c1Cl	CHEMBL3091723	3717
CC(Oc1cc(-c2cnn(C3CCNCC3)c2)cnc1F)c1c(Cl)ccc(F)c1Cl	CHEMBL4638210	3717
CC(Oc1cc(C(=O)Nc2ccc(C(=O)N3CCN(C)CC3)cc2)nnc1N)c1c(Cl)ccc(F)c1Cl	CHEMBL2376648	3717
CC(Oc1ccc2ncc(-c3cnn(C)c3)nc2c1)c1c(Cl)ccc(F)c1Cl	CHEMBL4642284	3717
CC(Oc1ccc2ncc(-c3cnn(CCO)c3)nc2c1)c1c(Cl)ccc(F)c1Cl	CHEMBL4636429	3717
CC(Oc1cncc(-c2cnn(C3CCN(C(C)C)CC3)c2)c1)c1c(Cl)ccc(F)c1Cl	CHEMBL4649193	3717
CC(Oc1cncc(-c2cnn(C3CCN(C)CC3)c2)c1)c1c(Cl)ccc(F)c1Cl	CHEMBL4635560	3717
CC(Oc1cncc(-c2cnn(C3CCN(CC(N)=O)CC3)c2)c1)c1c(Cl)ccc(F)c1Cl	CHEMBL4645582	3717
CC(Oc1cncc(-c2cnn(C3CCN(CC4CC4)CC3)c2)c1)c1c(Cl)ccc(F)c1Cl	CHEMBL4646769	3717
CC(Oc1cncc(-c2cnn(C3CCN(Cc4ccccc4F)CC3)c2)c1)c1c(Cl)ccc(F)c1Cl	CHEMBL4643041	3717
CC(Oc1cncc(-c2cnn(C3CCN(S(C)(=O)=O)CC3)c2)c1)c1c(Cl)ccc(F)c1Cl	CHEMBL4648551	3717
CC(Sc1cc(-c2ccc(C(=O)N(C)C)c(F)c2)cnc1N)c1c(Cl)ccc(F)c1Cl	CHEMBL2442122	3717
CC(Sc1cc(-c2ccc(C(=O)N(C)C)cc2)cnc1N)c1c(Cl)ccc(F)c1Cl	CHEMBL2442114	3717
CC(Sc1cc(-c2ccc(C(=O)N3CCC(N4CCCC4)CC3)c(F)c2)cnc1N)c1c(Cl)ccc(F)c1Cl	CHEMBL2442123	3717
CC(Sc1cc(-c2ccc(C(=O)N3CCC(N4CCCC4)CC3)cc2)cnc1N)c1c(Cl)ccc(F)c1Cl	CHEMBL2442118	3717
CC(Sc1cc(-c2ccc(C(=O)N3CCN(C(C)C)CC3)cc2)cnc1N)c1c(Cl)ccc(F)c1Cl	CHEMBL2442115	3717
CC(Sc1cc(-c2ccc(C(=O)N3CCN(C)CC3)c(F)c2)cnc1N)c1c(Cl)ccc(F)c1Cl	CHEMBL2442120	3717
CC(Sc1cc(-c2ccc(C(=O)N3CCN(C)CC3)cc2)cnc1N)c1c(Cl)ccc(F)c1Cl	CHEMBL2442140	3717
CC(Sc1cc(-c2ccc(C(=O)N3CCN(CCO)CC3)cc2)cnc1N)c1c(Cl)ccc(F)c1Cl	CHEMBL2442117	3717
CC(Sc1cc(-c2ccc(C(=O)N3CCN(S(C)(=O)=O)CC3)cc2)cnc1N)c1c(Cl)ccc(F)c1Cl	CHEMBL2442116	3717
CC(Sc1cc(-c2ccc(C(=O)N3CCOCC3)c(F)c2)cnc1N)c1c(Cl)ccc(F)c1Cl	CHEMBL2442121	3717
CC(Sc1cc(-c2ccc(C(=O)N3CCOCC3)cc2)cnc1N)c1c(Cl)ccc(F)c1Cl	CHEMBL2442113	3717
CC(Sc1cc(-c2ccc(N3CCN(C)CC3)nc2)cnc1N)c1c(Cl)ccc(F)c1Cl	CHEMBL2442136	3717
CC(Sc1cc(-c2ccc(N3CCOCC3)nc2)cnc1N)c1c(Cl)ccc(F)c1Cl	CHEMBL2442137	3717
CC(Sc1cc(-c2ccc(OCC(=O)N3CCOCC3)cc2)cnc1N)c1c(Cl)ccc(F)c1Cl	CHEMBL2442139	3717
CC(Sc1cc(-c2ccc3c(c2)CC(=O)N3)cnc1N)c1c(Cl)ccc(F)c1Cl	CHEMBL2442138	3717
CC(Sc1cc(-c2cncnc2)cnc1N)c1c(Cl)ccc(F)c1Cl	CHEMBL2442135	3717
CC(Sc1cc(-c2cnn(C(=O)N(C)C)c2)cnc1N)c1c(Cl)ccc(F)c1Cl	CHEMBL2442130	3717
CC(Sc1cc(-c2cnn(C)c2)cnc1N)c1c(Cl)ccc(F)c1Cl	CHEMBL2442128	3717
CC(Sc1cc(-c2cnn(C3CCN(C(=O)CO)CC3)c2)cnc1N)c1c(Cl)ccc(F)c1Cl	CHEMBL2442134	3717
CC(Sc1cc(-c2cnn(C3CCN(C(=O)N(C)C)CC3)c2)cnc1N)c1c(Cl)ccc(F)c1Cl	CHEMBL2442133	3717
CC(Sc1cc(-c2cnn(C3CCN(S(C)(=O)=O)CC3)c2)cnc1N)c1c(Cl)ccc(F)c1Cl	CHEMBL2442132	3717
CC(Sc1cc(-c2cnn(C3CCOCC3)c2)cnc1N)c1c(Cl)ccc(F)c1Cl	CHEMBL2442127	3717
CC(Sc1cc(-c2cnn(CC(=O)N(C)C)c2)cnc1N)c1c(Cl)ccc(F)c1Cl	CHEMBL2442131	3717
CC(Sc1cc(-c2cnn(CCO)c2)cnc1N)c1c(Cl)ccc(F)c1Cl	CHEMBL2442129	3717
CC(c1c(F)cc2ncc(-c3ccc(F)cc3)cc2c1F)n1nnc2ncc(-c3ccncc3)nc21	CHEMBL4065641	3717
CC(c1c(F)cc2ncc(-c3ccc(F)cc3)cc2c1F)n1nnc2ncc(-c3cnn(C)c3)nc21	CHEMBL4102466	3717
CC(c1c(F)cc2ncc(-c3cnn(C)c3)cc2c1F)n1nnc2ncc(-c3ccc(C(N)=O)c(F)c3)nc21	CHEMBL4104884	3717
CC(c1c(F)cc2ncc(-c3cnn(C)c3)cc2c1F)n1nnc2ncc(-c3ccncc3)nc21	CHEMBL4076438	3717
CC(c1c(F)cc2ncc(-c3cnn(C)c3)cc2c1F)n1nnc2ncc(-c3cnn(C)c3)nc21	CHEMBL4097173	3717
CC(c1c(F)cc2ncc(-c3cnn(C)c3)cc2c1F)n1nnc2ncc(-c3cnn(CCO)c3)nc21	CHEMBL4070258	3717
CC(c1cc2cc(-c3ccc(F)cc3)cnc2cc1F)n1nnc2ncc(-c3ccncc3)nc21	CHEMBL4078192	3717
CC(c1cc2cc(-c3ccc(F)cc3)cnc2cc1F)n1nnc2ncc(-c3cnn(C)c3)nc21	CHEMBL4094716	3717
CC(c1cc2cc(-c3cnn(C)c3)cnc2cc1F)n1nnc2ncc(-c3ccc(C(N)=O)c(F)c3)nc21	CHEMBL4060354	3717
CC(c1cc2cc(-c3cnn(C)c3)cnc2cc1F)n1nnc2ncc(-c3ccncc3)nc21	CHEMBL4068290	3717
CC(c1cc2cc(-c3cnn(C)c3)cnc2cc1F)n1nnc2ncc(-c3cnn(C)c3)nc21	CHEMBL4083235	3717
CC(c1cc2cc(-c3cnn(C)c3)cnc2cc1F)n1nnc2ncc(-c3cnn(CCO)c3)nc21	CHEMBL4074262	3717
CC(c1ccc2ncc(-c3ccc(F)cc3)cc2c1)n1nnc2ncc(-c3ccncc3)nc21	CHEMBL4072776	3717
CC(c1ccc2ncc(-c3ccc(F)cc3)cc2c1)n1nnc2ncc(-c3cnn(C)c3)nc21	CHEMBL4093803	3717
CC(c1ccc2ncc(-c3cnn(C)c3)cc2c1)n1nnc2ncc(-c3ccc(C(N)=O)c(F)c3)nc21	CHEMBL4070051	3717
CC(c1ccc2ncc(-c3cnn(C)c3)cc2c1)n1nnc2ncc(-c3ccncc3)nc21	CHEMBL4061378	3717
CC(c1ccc2ncc(-c3cnn(C)c3)cc2c1)n1nnc2ncc(-c3cnn(C)c3)nc21	CHEMBL4073110	3717
CC(c1ccc2ncc(-c3cnn(C)c3)cc2c1)n1nnc2ncc(-c3cnn(CCO)c3)nc21	CHEMBL4064183	3717
CC(c1ccc2nccn2c1)n1nnc2ncc(-c3cnn(C)c3)nc21	CHEMBL3334567_CHEMBL3334568	3717
CC(c1ccn2nccc2c1)n1nnc2ncc(-c3cnn(CCO)c3)nc21	CHEMBL3334569_CHEMBL3334570	3717
CC(c1nnc2c(F)cc(-c3cnn(C)c3)cn12)n1ccc2ncccc2c1=O	CHEMBL3787109	3717
CC1=CC(OC(=O)Nc2cc(C(F)(F)F)cc(C(F)(F)F)c2)CC(C)(O)C=CC(C(C)C)CCC(C)=CCC1	CHEMBL4756514	3717
CC1=CC(OC(=O)Nc2cc(Cl)cc(Cl)c2)CC(C)(O)C=CC(C(C)C)CCC(C)=CCC1	CHEMBL4786376	3717
CC1=CC(OC(=O)Nc2cccc(C(F)(F)F)c2)CC(C)(O)C=CC(C(C)C)CCC(C)=CCC1	CHEMBL4799970	3717
CC1=CC(OC(=O)Nc2cccc(Cl)c2)CC(C)(O)C=CC(C(C)C)CCC(C)=CCC1	CHEMBL4742340	3717
CC1=[N+](c2ccccc2)C(=O)C(C(=O)Nc2ccc(Oc3ccc4nc(NC(=O)C5CC5)cn4c3)c(F)c2)C=C1	CHEMBL3765306	3717
CC1CN(C(=O)c2ccc(NC(=O)c3cc(OC(C)c4c(Cl)ccc(F)c4Cl)c(N)nn3)cc2)CC(C)N1	CHEMBL4113131	3717
CC1CN(C)CCc2ccc(Nc3ncc(Cl)c(NC4C5C=CC(C5)C4C(N)=O)n3)cc21	CHEMBL3263993	3717
CC1CN(C)CCc2ccc(Nc3ncc(Cl)c(Nc4ccccc4S(=O)(=O)C(C)C)n3)cc21	CHEMBL3263990	3717
CC1CN(C)CCc2ccc(Nc3ncc(Cl)c(Nc4ccccc4S(=O)(=O)C4CC4)n3)cc21	CHEMBL3263991	3717
CC1CN(CC(=O)Nc2cccc(Nc3ncc(Cl)c(Nc4ccccc4S(=O)(=O)C(C)C)n3)c2)CC(C)O1	CHEMBL3357454	3717
CC=C(C=O)C(CC=O)CC(=O)OCCc1ccc(O)cc1	CHEMBL2172394	3717
CC=C1CN(C)CCc2ccc(Nc3ncc(Cl)c(Nc4ccccc4C(=O)NC)n3)cc21	CHEMBL3263975_CHEMBL3263976	3717
CCC(=O)N1CCc2ccc(Nc3ncc(Cl)c(Nc4ccccc4C(=O)NC)n3)cc2C(C)C1	CHEMBL3263981	3717
CCC(=O)Nc1cc(Oc2ccc(Nc3nccc4[nH]cc(-c5ccc(F)cc5)c(=O)c34)cc2F)ccn1	CHEMBL4529670	3717
CCC(Oc1c(N)ncc2c(-c3cnn(C4CCNCC4)c3)coc12)c1c(Cl)ccc(F)c1Cl	CHEMBL2401740	3717
CCC(c1ccc2ncc(OC)cc2c1)c1nnc2c(F)cc(-c3cc(C)no3)cn12	CHEMBL3414929	3717
CCCC(=O)Nc1cc(Oc2ccc(Nc3nccc4[nH]cc(-c5ccc(F)cc5)c(=O)c34)cc2F)ccn1	CHEMBL4530342	3717
CCCC(OC(=O)c1ccccc1)C(=O)Nc1ccc(Oc2ccnc3cc(OC)c(OC)cc23)c(F)c1	CHEMBL4749270	3717
CCCC(Oc1c(N)ncc2c(-c3cnn(C4CCNCC4)c3)coc12)c1c(Cl)ccc(F)c1Cl	CHEMBL2401816	3717
CCCCC(=O)Nc1cc(Oc2ccc(Nc3nccc4[nH]cc(-c5ccc(F)cc5)c(=O)c34)cc2F)ccn1	CHEMBL4443752	3717
CCCCC1CN(C)CCc2ccc(Nc3ncc(Cl)c(Nc4ccccc4C(=O)NC)n3)cc21	CHEMBL3263972	3717
CCCCCC(=NS(=O)(=O)Cc1ccc(F)cc1)Nc1ccc(Oc2ccnc3ccsc23)c(F)c1	CHEMBL4782053	3717
CCCCCC(=NS(=O)(=O)Cc1ccc(F)cc1)Nc1ccc(Oc2ncnc3ccsc23)c(F)c1	CHEMBL4776160	3717
CCCCCC(=NS(=O)(=O)Cc1ccccc1)Nc1ccc(Oc2ccnc3cc(OC)c(OC)cc23)c(F)c1	CHEMBL4782779	3717
CCCCCC(=NS(=O)(=O)Cc1ccccc1)Nc1ccc(Oc2ccnc3ccsc23)c(F)c1	CHEMBL4794894	3717
CCCCCC(=NS(=O)(=O)Cc1ccccc1)Nc1ccc(Oc2ncnc3cc(OC)c(OC)cc23)c(F)c1	CHEMBL4789551	3717
CCCCCC(=NS(=O)(=O)Cc1ccccc1)Nc1ccc(Oc2ncnc3ccsc23)c(F)c1	CHEMBL4796207	3717
CCCCN(C)c1cnc2ccc3ccc(NS(C)(=O)=O)cc3c(=O)c2c1	CHEMBL1802587	3717
CCCCNc1ncc2c(-c3ccc(CN4CCN(C)CC4)cc3)cn(C3CCC(O)CC3)c2n1	CHEMBL3326006	3717
CCCCOc1cc2nccc(Oc3ccc(NC(=O)NS(=O)(=O)Cc4ccc(C)cc4)cc3F)c2cc1OC	CHEMBL4535170	3717
CCCCOc1cc2nccc(Oc3ccc(NC(=O)NS(=O)(=O)Cc4ccc(F)cc4)cc3F)c2cc1OC	CHEMBL4462710	3717
CCCCOc1cc2nccc(Oc3ccc(NC(=O)NS(=O)(=O)Cc4ccccc4)cc3F)c2cc1OC	CHEMBL4531059	3717
CCCCOc1ccc2nnc(Sc3ccc4nc(NC(=O)NCCN5CCOCC5)sc4c3)n2n1	CHEMBL4472716	3717
CCCNC(=O)N1CCN(c2cnc3cc(C(F)(F)F)cc(NCc4cccc([N+](=O)[O-])c4)c3c2)CC1	CHEMBL3221108	3717
CCCNC(=O)c1cc(Oc2ccc(NC(=O)c3cc4cccnc4n(-c4ccc(F)cc4)c3=O)cc2)ccn1	CHEMBL4204920	3717
CCCNC(=O)c1cc(Oc2ccc(NC(=O)c3cc4cccnc4n(-c4ccccc4)c3=O)cc2)ccn1	CHEMBL4207773	3717
CCCNC(=O)c1cc(Oc2ccc(NC(=O)c3cc4cccnc4n(-c4ccccc4F)c3=O)cc2)ccn1	CHEMBL4214315	3717
CCCNC(=O)c1ccc(Nc2nc(NCC(F)(F)F)c3cc[nH]c3n2)cc1	CHEMBL2006765	3717
CCCNS(=O)(=O)Cc1ccc2ccc3ncc(-c4cnn(C)c4)cc3c(=O)c2c1	CHEMBL2324121	3717
CCCn1c(C)c(C(=O)Nc2ccc(Oc3ccnc4cc(OC)ccc34)c(F)c2)c(=O)n1-c1ccccc1	CHEMBL460466	3717
CCCn1cc(-c2cnc3ccc4ccc(NS(=O)(=O)N(C)C)cc4c(=O)c3c2)cn1	CHEMBL1802830	3717
CCCn1cc(-c2cnc3nnc(C(F)(F)c4ccc5ncccc5c4)n3n2)cn1	CHEMBL3799263	3717
CCCn1cc(-c2cnc3nnc(Cc4ccc5ncccc5c4)n3n2)cn1	CHEMBL3800295	3717
CCN(CC)C(=O)c1cc2nccc(Oc3ccc(NC(=S)NC(=O)Cc4ccccc4)cc3F)c2s1	CHEMBL402504	3717
CCN(CC)CCCOC(=O)Nc1cccc(CN2N=C(c3ccc(Cl)cc3)CSC2=O)c1	CHEMBL3402763	3717
CCN(CC)CCCOC(=O)Nc1cccc(CN2N=C(c3ccc(OC)c(OC)c3)CSC2=O)c1	CHEMBL3402741	3717
CCN(CC)CCNC(=O)Nc1nc2ccc(Sc3nnc4ccc(-c5ccc(F)cc5)nn34)cc2s1	CHEMBL4459929	3717
CCN(CC)CCNC(=O)c1ccc(-c2cnc(N)c(SC(C)c3c(Cl)ccc(F)c3Cl)c2)cc1	CHEMBL2442119	3717
CCN(CC)S(=O)(=O)Nc1ccc2ccc3ncc(-c4cnn(C)c4)cc3c(=O)c2c1	CHEMBL1802908	3717
CCN(Cc1ccccn1)S(=O)(=O)Cc1ccc2ccc3ncc(-c4cnn(C)c4)cc3c(=O)c2c1	CHEMBL2323776	3717
CCN1C(=O)CCCc2cc(NC(=O)c3cc(OC(C)c4c(Cl)ccc(F)c4Cl)c[nH]c3=O)ccc21	CHEMBL2376634	3717
CCN1CCC(CCNC(=O)Nc2nc3ccc(Sc4nnc5ccc(-c6cccs6)nn45)cc3s2)CC1	CHEMBL4527749	3717
CCN1CCC(n2cc(-c3cnc4ccc5ccc(NS(=O)(=O)N(C)C)cc5c(=O)c4c3)cn2)CC1	CHEMBL1802904	3717
CCNC(=O)N1CCN(c2cnc3cc(C(F)(F)F)cc(NCc4cccc([N+](=O)[O-])c4)c3c2)CC1	CHEMBL3221107	3717
CCNC(=O)Nc1cccc(CNc2cc(C(F)(F)F)cc3ncc(N4CCN(C)CC4)cc23)c1	CHEMBL3221123	3717
CCNC(=O)c1cc(Oc2ccc(NC(=O)c3cc4cccnc4n(-c4ccc(F)cc4)c3=O)cc2)ccn1	CHEMBL4214671	3717
CCNC(=O)c1cc(Oc2ccc(NC(=O)c3cc4cccnc4n(-c4ccccc4)c3=O)cc2)ccn1	CHEMBL4213745	3717
CCNc1nc2ccc(Sc3nnc4ccc(-c5ccc(F)cc5)nn34)cc2s1	CHEMBL4460346	3717
CCOC(=O)Nc1cccc(Cn2nc(-c3cc(F)cc(F)c3)ccc2=O)c1	CHEMBL3402745	3717
CCOCCNc1nccc(Oc2ccc(NC(=O)C3(C(=O)Nc4ccc(F)cc4)CC3)cc2F)n1	CHEMBL3287599	3717
CCON=C(C)c1cc(F)c2ncc(Cc3ccc4ncccc4c3)n2c1	CHEMBL3582289	3717
CCOc1cc(=O)n(-c2ccc(Oc3ccnc(N)c3Cl)c(F)c2)cc1C(=O)NCc1ccc(F)cc1	CHEMBL3309966	3717
CCOc1cc(C=C2SC(=Nc3cccc4ccccc34)NC2=O)cc(I)c1OCC(N)=O	CHEMBL1821771	3717
CCOc1ccc2nnc(Sc3ccc4nc(NC(=O)NCCN5CCOCC5)sc4c3)n2n1	CHEMBL4462907	3717
CCOc1ccn(-c2ccc(F)cc2)c(=O)c1C(=O)Nc1ccc(Oc2ccnc(N)c2Cl)c(F)c1	CHEMBL460702	3717
CCOc1ccn(-c2ccc(F)cc2)c(=O)c1C(=O)Nc1ccc(Oc2ccnc(N)n2)c(F)c1	CHEMBL3260964	3717
CCOc1ccn(-c2ccc(F)cc2)c(=O)c1C(=O)Nc1ccc(Oc2ncnc3[nH]ccc23)c(F)c1	CHEMBL3260965	3717
CCS(=O)(=O)Nc1ccc2ccc3ncc(-c4ccccc4)cc3c(=O)c2c1	CHEMBL1802822	3717
CCc1ccc(-c2ccnc(C(=O)Nc3ccc(Oc4ccnc5[nH]ccc45)c(F)c3)c2)cc1	CHEMBL3754194	3717
CCc1ccc(-c2nc3ccc(Nc4ncnc5ccccc45)cc3[nH]2)cc1	CHEMBL3321898	3717
CCc1ccc(Cn2cc(-c3cc(-c4ccc(Br)cc4)nc(N)n3)c3ccccc32)cc1	CHEMBL5202119	3717
CCn1cc(-c2ccc3c(c2)CCN3C(=O)Cc2cccc(OC(F)(F)F)c2)c2c(N)ncnc21	CHEMBL4281823	3717
CCn1cc(-c2cnc3nnc(Cc4ccc5ncccc5c4)n3n2)cn1	CHEMBL3799924	3717
CCn1ccnc1-c1cc2cccc(Oc3ccc(NC(=S)NC(=O)Cc4ccccc4)cc3F)c2s1	CHEMBL1822206	3717
CCn1ccnc1-c1cc2nccc(Oc3ccc(NC(=O)N4CCN(c5ccccc5)C4=O)cc3F)c2s1	CHEMBL455655	3717
CCn1cnc(-c2cc3nccc(Oc4ccc(NC(=O)N5CCN(c6ccc(F)cc6)C5=O)cc4F)c3s2)c1	CHEMBL464211	3717
CCn1cnc(-c2cc3nccc(Oc4ccc(NC(=O)N5CCN(c6ccccc6)C5=O)cc4F)c3s2)c1	CHEMBL453613	3717
CCn1cnc(-c2cc3nccc(Oc4ccc(NC(=O)N5CCN(c6ccccc6F)C5=O)cc4F)c3s2)c1	CHEMBL517469	3717
CCn1cnc(-c2cc3nccc(Oc4ccc(NC(=S)N5CCN(c6ccc(F)cc6)C5=O)cc4F)c3s2)c1	CHEMBL3260969	3717
CCn1cnc(-c2cc3nccc(Oc4ccc(NC(=S)NC(=O)Cc5ccccc5)cc4F)c3s2)c1	CHEMBL258453	3717
CN(C(=O)C1(C(=O)Nc2ccc(Oc3ccnc4cc(-c5cn(C)cn5)sc34)c(F)c2)CC1)c1ccccc1	CHEMBL462667	3717
CN(C(=O)CC(=O)Nc1ccc(Oc2ccnc3cc(-c4cn(C)cn4)sc23)c(F)c1)c1ccccc1	CHEMBL465130	3717
CN(C)C(=O)COc1ccc(Cc2nnc3sc(-c4cc5ccccc5[nH]4)nn23)cc1	CHEMBL4168774	3717
CN(C)C(=O)Cc1ccc2ccc3ncc(-c4cnn(C)c4)cc3c(=O)c2c1	CHEMBL2323784	3717
CN(C)C(=O)Cn1cc(C(=O)Nc2ccc(-c3cn(C)c4ncnc(N)c34)cc2)c(=O)c(-c2ccc(F)cc2)c1	CHEMBL4845677	3717
CN(C)C(=O)c1cc2nccc(Oc3ccc(NC(=S)NC(=O)Cc4ccccc4)cc3F)c2s1	CHEMBL402036	3717
CN(C)C(=O)c1ccc(-c2ccc(=O)n(Cc3cccc(Nc4ncc(-c5cnn(C)c5)cn4)c3)n2)cc1F	CHEMBL3758865	3717
CN(C)CC#Cc1c(Oc2ccc(-n3cc(C(=O)NCc4ccc(F)cc4)ccc3=O)cc2F)ccnc1N	CHEMBL3309960	3717
CN(C)CC#Cc1c(Oc2ccc(NC(=O)NC(=O)Cc3ccc(F)cc3)cc2F)ccnc1N	CHEMBL525049	3717
CN(C)CC(=O)c1c[nH]c2nccc(Oc3ccc(NC(=O)NC(=O)Cc4ccc(F)cc4)cc3F)c12	CHEMBL499878	3717
CN(C)CC=CC(=O)N1CCN(c2cnc3cc(C(F)(F)F)cc(NCc4cccc([N+](=O)[O-])c4)c3c2)CC1	CHEMBL3220882	3717
CN(C)CCCCCOC(=O)Nc1cccc(Cn2nc(-n3ccc4ccc(F)cc43)ccc2=O)c1	CHEMBL3417475	3717
CN(C)CCCCOC(=O)Nc1cccc(Cn2nc(-n3ccc4c(F)cc(F)cc43)ccc2=O)c1	CHEMBL3417498	3717
CN(C)CCCCOC(=O)Nc1cccc(Cn2nc(-n3ccc4c(F)cccc43)ccc2=O)c1	CHEMBL3417496	3717
CN(C)CCCCOC(=O)Nc1cccc(Cn2nc(-n3ccc4cc(F)ccc43)ccc2=O)c1	CHEMBL3417497	3717
CN(C)CCCCOC(=O)Nc1cccc(Cn2nc(-n3ccc4ccc(C(F)(F)F)cc43)ccc2=O)c1	CHEMBL3417493	3717
CN(C)CCCCOC(=O)Nc1cccc(Cn2nc(-n3ccc4ccc(F)cc43)ccc2=O)c1	CHEMBL3417472	3717
CN(C)CCCCOC(=O)Nc1cccc(Cn2nc(-n3ccc4ccccc43)ccc2=O)c1	CHEMBL3417471	3717
CN(C)CCCCOC(=O)Nc1cccc(Cn2nc(Nc3cc(F)cc(F)c3)ccc2=O)c1	CHEMBL3417470	3717
CN(C)CCCCOC(=O)Nc1cccc(Cn2nc(Nc3ccc(C(F)(F)F)cc3)ccc2=O)c1	CHEMBL3417465	3717
CN(C)CCCCOC(=O)Nc1cccc(Cn2nc(Nc3ccc(F)cc3)ccc2=O)c1	CHEMBL3417468	3717
CN(C)CCCCOC(=O)Nc1cccc(Cn2nc(Nc3cccc(C(F)(F)F)c3)ccc2=O)c1	CHEMBL3417464	3717
CN(C)CCCCOC(=O)Nc1cccc(Cn2nc(Nc3cccc(Cl)c3)ccc2=O)c1	CHEMBL3417469	3717
CN(C)CCCCOC(=O)Nc1cccc(Cn2nc(Nc3cccc(F)c3)ccc2=O)c1	CHEMBL3417467	3717
CN(C)CCCCOC(=O)Nc1cccc(Cn2nc(Nc3ccccc3)ccc2=O)c1	CHEMBL3417459	3717
CN(C)CCCCOC(=O)Nc1cccc(Cn2nc(Nc3ccccc3F)ccc2=O)c1	CHEMBL3417466	3717
CN(C)CCCOC(=O)Nc1cccc(CN2N=C(c3cc(F)cc(F)c3)CSC2=O)c1	CHEMBL3402742	3717
CN(C)CCCOC(=O)Nc1cccc(Cn2nc(-c3cc(F)cc(F)c3)ccc2=O)c1	CHEMBL3402743	3717
CN(C)CCCOC(=O)Nc1cccc(Cn2nc(-c3ccc(F)cc3)ccc2=O)c1	CHEMBL3402764	3717
CN(C)CCCOC(=O)Nc1cccc(Cn2nc(-n3ccc4ccc(F)cc43)ccc2=O)c1	CHEMBL3417474	3717
CN(C)CCCON=Cc1c(N)ncnc1Oc1ccc(NC(=O)C2(C(=O)Nc3ccc(F)cc3)CC2)cc1F	CHEMBL3815128	3717
CN(C)CCCOc1cnc(-c2cccc(Cn3nc(-c4cc(F)cc(F)c4)ccc3=O)c2)nc1	CHEMBL3402756	3717
CN(C)CCCOc1cnc(-c2cccc(Cn3nc(-c4cccc(F)c4)ccc3=O)c2)nc1	CHEMBL3402757	3717
CN(C)CCCOc1cnc(-c2cccc(Cn3nc(-c4cccnc4)ccc3=O)c2)nc1	CHEMBL3402758	3717
CN(C)CCCn1cc(-c2cnc3ccc4ccc(NS(=O)(=O)N(C)C)cc4c(=O)c3c2)cn1	CHEMBL1802832	3717
CN(C)CCNC(=O)c1ccc(-c2cc(F)c3ncc(Cc4ccc5ncccc5c4)n3c2)cc1F	CHEMBL3582298	3717
CN(C)CCOC(=O)Nc1cccc(Cn2nc(-n3ccc4ccc(F)cc43)ccc2=O)c1	CHEMBL3417473	3717
CN(C)CCOCCOC(=O)Nc1cccc(Cn2nc(-n3ccc4ccc(F)cc43)ccc2=O)c1	CHEMBL3417476	3717
CN(C)S(=O)(=O)Cc1ccc2ccc3ncc(-c4cnn(C)c4)cc3c(=O)c2c1	CHEMBL2324120	3717
CN(C)S(=O)(=O)Nc1ccc2ccc3ncc(-c4cnn(-c5ccccn5)c4)cc3c(=O)c2c1	CHEMBL1802905	3717
CN(C)S(=O)(=O)Nc1ccc2ccc3ncc(-c4cnn(C)c4)cc3c(=O)c2c1	CHEMBL1802829	3717
CN(C)S(=O)(=O)Nc1ccc2ccc3ncc(-c4cnn(CC(=O)N5CCOCC5)c4)cc3c(=O)c2c1	CHEMBL1802831	3717
CN(C)S(=O)(=O)Nc1ccc2ccc3ncc(-c4cnn(CC(F)CN5CCCC5)c4)cc3c(=O)c2c1	CHEMBL1802903	3717
CN(C)S(=O)(=O)Nc1ccc2ccc3ncc(-c4cnn(CC(F)CO)c4)cc3c(=O)c2c1	CHEMBL1802835	3717
CN(C)S(=O)(=O)Nc1ccc2ccc3ncc(-c4cnn(CCCO)c4)cc3c(=O)c2c1	CHEMBL1802833	3717
CN(C)S(=O)(=O)Nc1ccc2ccc3ncc(-c4cnn(CCF)c4)cc3c(=O)c2c1	CHEMBL1802834	3717
CN(C)c1cnc2cc(C(F)(F)F)cc(-c3ccccc3)c2n1	CHEMBL456722	3717
CN(C1CCOC1)S(=O)(=O)Nc1ccc2ccc3ncc(-c4cnn(C)c4)cc3c(=O)c2c1	CHEMBL1802914	3717
CN(CC1COCCO1)C(=O)Cc1ccc2ccc3ncc(-c4cnn(C)c4)cc3c(=O)c2c1	CHEMBL2324114	3717
CN(CC1COCCO1)S(=O)(=O)Nc1ccc2ccc3ncc(-c4cnn(C5CCNCC5)c4)cc3c(=O)c2c1	CHEMBL1802917	3717
CN(Cc1ccccc1)S(=O)(=O)Nc1ccc2ccc3ncc(-c4cnn(C)c4)cc3c(=O)c2c1	CHEMBL1802910	3717
CN(Cc1cnccn1)S(=O)(=O)Nc1ccc2ccc3ncc(-c4cnn(C)c4)cc3c(=O)c2c1	CHEMBL1802909	3717
CN(c1ccc2ccc3ncc(-c4ccccc4)cc3c(=O)c2c1)S(C)(=O)=O	CHEMBL1803010	3717
CN(c1ccc2ccc3ncc(-c4cnn(C)c4)cc3c(=O)c2c1)S(=O)(=O)NCc1ccccn1	CHEMBL2323781	3717
CN(c1ccccc1Nc1nc(Nc2cccc(NC(=O)CN)c2)ncc1Cl)S(C)(=O)=O	CHEMBL3357442	3717
CN1C(=O)COc2c1cnc1ccc(Sc3nnc4c(F)cc(-c5cnn(C)c5)cn34)cc21	CHEMBL3818247	3717
CN1C(=O)COc2c1cnc1ccc(Sc3nnc4ccc(-c5cnn(C)c5)cn34)cc21	CHEMBL3818387	3717
CN1CC=C(c2cc3nccc(Oc4ccc(NC(=O)N5CCN(c6ccccc6)C5=O)cc4F)c3s2)CC1	CHEMBL508776	3717
CN1CC=C(c2cnc(N3CCOC(Cn4nc(-c5cccc(C#N)c5)ccc4=O)C3)nc2)CC1	CHEMBL3335780	3717
CN1CCC(COc2cnc(-c3cccc(Cn4nc(-c5cccc(C#N)c5)ccc4=O)c3)nc2)CC1	CHEMBL3402762	3717
CN1CCC(COc2cnc(N3CCOC(Cn4nc(-c5cccc(C#N)c5)ccc4=O)C3)nc2)CC1	CHEMBL3335776	3717
CN1CCC(Nc2ccc(-c3n[nH]c4c3CN(S(=O)(=O)c3c(Cl)cccc3Cl)CC4)cc2)CC1	CHEMBL4168618	3717
CN1CCC(n2cc(-c3cnc(N4CCOC(Cn5nc(-c6ccc(F)c(Cl)c6)ccc5=O)C4)nc3)cn2)CC1	CHEMBL3335772	3717
CN1CCC(n2cc(-c3cnc(N4CCOC(Cn5nc(-c6ccc(F)c(F)c6)ccc5=O)C4)nc3)cn2)CC1	CHEMBL3335771	3717
CN1CCC(n2cc(-c3cnc(N4CCOC(Cn5nc(-c6cccc(F)c6)ccc5=O)C4)nc3)cn2)CC1	CHEMBL3335769	3717
CN1CCC(n2cc(-c3cnc(Nc4cccc(Cn5nc(-c6cnn(C)c6)ccc5=O)c4)nc3)cn2)CC1	CHEMBL3759495	3717
CN1CCC2(CC1)C(=O)Nc1cc(-c3ccc4[n+](n3)C(Cc3ccc5ncccc5c3)N=N4)ccc12	CHEMBL1950198	3717
CN1CCC2(CC1)C(=O)Nc1cc(-c3cnc4nnn(Cc5ccc6ncccc6c5)c4n3)ccc12	CHEMBL1950197	3717
CN1CCC2(CC1)C(=O)Nc1ccc(-c3ccc4[n+](n3)C(Cc3ccc5ncccc5c3)N=N4)cc12	CHEMBL1950194	3717
CN1CCC2(CC1)C(=O)Nc1ccc(-c3cnc4nnn(Cc5ccc6ncccc6c5)c4n3)cc12	CHEMBL1950193	3717
CN1CCC2(CC1)C(=O)Nc1ccc(-c3ncc4nnn(Cc5ccc6ncccc6c5)c4n3)cc12	CHEMBL1950195	3717
CN1CCN(C(=O)c2cc3nccc(Oc4ccc(NC(=S)NC(=O)Cc5ccccc5)cc4F)c3s2)CC1	CHEMBL254761	3717
CN1CCN(C(=O)c2ccc(-c3cc(F)c4ncc(Cc5ccc6ncccc6c5)n4c3)cc2F)CC1	CHEMBL3582296	3717
CN1CCN(C(=O)c2ccc(-c3n[nH]c4c3CN(S(=O)(=O)c3c(Cl)cccc3Cl)CC4)cc2)CC1	CHEMBL4168226	3717
CN1CCN(C(=O)c2cnc3ccn(S(=O)(=O)c4ccccc4[N+](=O)[O-])c3c2)CC1	CHEMBL550857	3717
CN1CCN(CCCCCOC(=O)Nc2cccc(Cn3nc(-n4ccc5ccc(F)cc54)ccc3=O)c2)CC1	CHEMBL3417483	3717
CN1CCN(CCCCOC(=O)Nc2cccc(Cn3nc(-n4ccc5ccc(F)cc54)ccc3=O)c2)CC1	CHEMBL3417480	3717
CN1CCN(CCCOC(=O)Nc2cccc(Cn3nc(-n4ccc5ccc(F)cc54)ccc3=O)c2)CC1	CHEMBL3417482	3717
CN1CCN(CCOc2cnc(-c3cccc(Cn4nc(-n5ccc6ccc(F)cc65)ccc4=O)c3)nc2)CC1	CHEMBL3417485	3717
CN1CCN(Cc2c(Oc3ccc(NC(=O)c4cccn(-c5ccc(F)cc5)c4=O)cc3F)ccnc2N)CC1	CHEMBL515858	3717
CN1CCN(Cc2cc(NC(=O)C3(C(=O)Nc4ccc(-c5cccc6[nH]nc(N)c56)cc4)CC3)ccc2Cl)CC1	CHEMBL3394480	3717
CN1CCN(Cc2cc(NC(=O)C3(C(=O)Nc4ccc(-c5cccc6onc(N)c56)cc4)CC3)ccc2Cl)CC1	CHEMBL3394459	3717
CN1CCN(Cc2ccc(-c3cnc4[nH]cc(-c5ccc6[nH]ccc6c5)c4c3)cc2)CC1	CHEMBL2436978	3717
CN1CCN(Cc2ccn3ncnc(Oc4ccc(NC(=O)NC(=O)Cc5ccc(F)cc5)cc4F)c23)CC1	CHEMBL252416	3717
CN1CCN(c2ccc(-c3cnc4ccn(S(=O)(=O)c5cccc6nonc56)c4c3)cn2)CC1	CHEMBL551458	3717
CN1CCN(c2cnc3cc(C(F)(F)F)cc(-c4ccc(O)cc4)c3n2)CC1	CHEMBL462914	3717
CN1CCN(c2cnc3cc(C(F)(F)F)cc(-c4ccc5[nH]c(=O)[nH]c5c4)c3n2)CC1	CHEMBL511592	3717
CN1CCN(c2cnc3cc(C(F)(F)F)cc(-c4ccc5c(c4)CC(=O)N5)c3n2)CC1	CHEMBL468787	3717
CN1CCN(c2cnc3cc(C(F)(F)F)cc(-c4ccc5c(c4)CC(=O)N5C)c3n2)CC1	CHEMBL467574	3717
CN1CCN(c2cnc3cc(C(F)(F)F)cc(-c4ccc5cc[nH]c5c4)c3n2)CC1	CHEMBL516328	3717
CN1CCN(c2cnc3cc(C(F)(F)F)cc(-c4cccc(C(N)=O)c4)c3n2)CC1	CHEMBL462711	3717
CN1CCN(c2cnc3cc(C(F)(F)F)cc(-c4cccc(Cl)c4Cl)c3n2)CC1	CHEMBL457339	3717
CN1CCN(c2cnc3cc(C(F)(F)F)cc(-c4cccc(O)c4)c3n2)CC1	CHEMBL462712	3717
CN1CCN(c2cnc3cc(C(F)(F)F)cc(-c4ccccc4)c3c2)CC1	CHEMBL456720	3717
CN1CCN(c2cnc3cc(C(F)(F)F)cc(-c4ccccc4)c3n2)CC1	CHEMBL456502	3717
CN1CCN(c2cnc3cc(C(F)(F)F)cc(NCCc4ccccc4)c3n2)CC1	CHEMBL462505	3717
CN1CCN(c2cnc3cc(C(F)(F)F)cc(NCc4ccc([N+](=O)[O-])cc4)c3n2)CC1	CHEMBL465790	3717
CN1CCN(c2cnc3cc(C(F)(F)F)cc(NCc4ccc5cc[nH]c5c4)c3c2)CC1	CHEMBL3221129	3717
CN1CCN(c2cnc3cc(C(F)(F)F)cc(NCc4ccc5cccnc5c4)c3c2)CC1	CHEMBL3221126	3717
CN1CCN(c2cnc3cc(C(F)(F)F)cc(NCc4ccc5nonc5c4)c3n2)CC1	CHEMBL456456	3717
CN1CCN(c2cnc3cc(C(F)(F)F)cc(NCc4cccc(C#N)c4)c3c2)CC1	CHEMBL3221111	3717
CN1CCN(c2cnc3cc(C(F)(F)F)cc(NCc4cccc(C(N)=O)c4)c3c2)CC1	CHEMBL3221115	3717
CN1CCN(c2cnc3cc(C(F)(F)F)cc(NCc4cccc(C(N)=O)c4)c3n2)CC1	CHEMBL462708	3717
CN1CCN(c2cnc3cc(C(F)(F)F)cc(NCc4cccc(N)c4)c3c2)CC1	CHEMBL3221121	3717
CN1CCN(c2cnc3cc(C(F)(F)F)cc(NCc4cccc(NS(C)(=O)=O)c4)c3c2)CC1	CHEMBL3221124	3717
CN1CCN(c2cnc3cc(C(F)(F)F)cc(NCc4cccc([N+](=O)[O-])c4)c3n2)CC1	CHEMBL518516	3717
CN1CCN(c2cnc3cc(C(F)(F)F)cc(NCc4cccc5nonc45)c3c2)CC1	CHEMBL3221125	3717
CN1CCN(c2cnc3cc(C(F)(F)F)cc(NCc4cccc5nonc45)c3n2)CC1	CHEMBL515659	3717
CN1CCN(c2cnc3cc(C(F)(F)F)cc(NCc4ccccc4)c3n2)CC1	CHEMBL462504	3717
CN1CCN(c2cnc3cc(C(F)(F)F)cc(NCc4ccccc4[N+](=O)[O-])c3n2)CC1	CHEMBL459325	3717
CN1CCN(c2cnc3cc(C(F)(F)F)cc(NS(=O)(=O)c4cccc([N+](=O)[O-])c4)c3n2)CC1	CHEMBL462707	3717
CN1CCN(c2cnc3cc(C(F)(F)F)cc(Nc4ccccc4)c3n2)CC1	CHEMBL512616	3717
CN1CCN(c2cnc3cc(C(F)(F)F)cc(OCc4cccc([N+](=O)[O-])c4)c3n2)CC1	CHEMBL465791	3717
CN1CCN(c2cnc3cc(Cl)cc(-c4ccccc4)c3n2)CC1	CHEMBL458217	3717
CN1CCN(c2cnc3cc(F)cc(-c4ccccc4)c3n2)CC1	CHEMBL458216	3717
CN1CCN(c2cnc3cccc(OCc4cccc([N+](=O)[O-])c4)c3c2)CC1	CHEMBL1766507	3717
CNC(=N)SCCCN1C(=O)C2=C(C1=O)n1ccc3cccc(c31)C1Cc3ccccc3N21	CHEMBL447317	3717
CNC(=O)C1C2C=CC(C2)C1Nc1nc(Nc2cccc(NC(=O)CN)c2)ncc1Cl	CHEMBL3357440	3717
CNC(=O)Cc1ccc2ccc3ncc(-c4cnn(C)c4)cc3c(=O)c2c1	CHEMBL2324130	3717
CNC(=O)N1CC=C(c2coc3c(OC(C)c4c(Cl)ccc(F)c4Cl)c(N)ncc23)CC1	CHEMBL2401831	3717
CNC(=O)c1cc(-c2cc(F)c3ncc(Cc4ccc5ncccc5c4)n3c2)ccc1Cl	CHEMBL3582292	3717
CNC(=O)c1cc(-c2cc(F)c3ncc(Cc4ccc5ncccc5c4)n3c2)ccc1F	CHEMBL3582291	3717
CNC(=O)c1cc(Oc2ccc(C3=NNC(c4cccc(Br)c4)C3)cc2)ccn1	CHEMBL4217207	3717
CNC(=O)c1cc(Oc2ccc(NC(=O)c3cc4cccnc4n(-c4ccc(F)cc4)c3=O)cc2)ccn1	CHEMBL4207018	3717
CNC(=O)c1cc(Oc2ccc(NC(=O)c3cc4cccnc4n(-c4ccccc4)c3=O)cc2)ccn1	CHEMBL4209961	3717
CNC(=O)c1cc2c(Oc3ccc(NC(=S)NC(=O)Cc4ccccc4)cc3F)ccnc2cc1OC	CHEMBL3764045	3717
CNC(=O)c1cc2nccc(Oc3ccc(NC(=S)NC(=O)Cc4ccccc4)cc3F)c2s1	CHEMBL438877	3717
CNC(=O)c1ccc(-c2cc(F)c3ncc(Cc4ccc5ncccc5c4)n3c2)cc1F	CHEMBL3582294	3717
CNC(=O)c1ccc(-c2cc(F)c3ncc(Cc4ccc5ncccc5c4)n3c2)cc1OC	CHEMBL3582293	3717
CNC(=O)c1ccc(-c2ccc(=O)n(Cc3cccc(Nc4ncc(-c5cnn(C)c5)cn4)c3)n2)cc1F	CHEMBL3758464	3717
CNC(=O)c1ccc(-c2ccc3nnc(COc4ccnc5cc(OC)ccc45)n3n2)cc1	CHEMBL1823125	3717
CNC(=O)c1ccc(-c2ccc3nnc(Cc4ccc(O)cc4)n3n2)cc1Cl	CHEMBL494985	3717
CNC(=O)c1ccc(-c2ccc3nnc(Cc4ccc(O)cc4)n3n2)cc1F	CHEMBL494984	3717
CNC(=O)c1ccc(-c2cnc3ncc(Cc4ccc5ncccc5c4)n3n2)cc1F	CHEMBL3188267	3717
CNC(=O)c1ccc(-c2cnc3nnc(Cc4ccc5ncccc5c4)n3n2)cc1F	CHEMBL3582305	3717
CNC(=O)c1ccc(-c2cnc3nnn(C(C)c4c(F)cc5ncc(-c6cnn(C)c6)cc5c4F)c3n2)cc1F	CHEMBL4075149	3717
CNC(=O)c1ccc(-c2cnc3nnn(C(C)c4cc5cc(-c6cnn(C)c6)cnc5cc4F)c3n2)cc1F	CHEMBL4092293	3717
CNC(=O)c1ccc(-c2cnc3nnn(C(C)c4ccc5nc(-c6cnn(C)c6)ccc5c4)c3n2)cc1F	CHEMBL4059611	3717
CNC(=O)c1ccc(-c2cnc3nnn(C(C)c4ccc5ncc(-c6ccc(F)cc6)cc5c4)c3n2)cc1F	CHEMBL4099662	3717
CNC(=O)c1ccc(-c2cnc3nnn(C(C)c4ccc5ncc(-c6cnn(C)c6)cc5c4)c3n2)cc1F	CHEMBL4091023	3717
CNC(=O)c1ccc(NC(=O)c2cc(OC(C)c3c(Cl)ccc(F)c3Cl)c[nH]c2=O)cc1	CHEMBL2376657	3717
CNC(=O)c1ccc(NC(=O)c2cc(OC(C)c3c(Cl)ccc(F)c3Cl)c[nH]c2=O)cc1F	CHEMBL2376658	3717
CNC(=O)c1ccc(Nc2nccc(Oc3ccc(NC(=O)C4(C(=O)Nc5ccc(F)cc5)CC4)cc3)n2)cc1	CHEMBL4854843	3717
CNC(=O)c1ccc2nc(-c3cc(OC(C)c4c(Cl)ccc(F)c4Cl)c[nH]c3=O)[nH]c2c1	CHEMBL2376645	3717
CNC(=O)c1cccc(-c2cc(F)c3ncc(Cc4ccc5ncccc5c4)n3c2)c1	CHEMBL3582290	3717
CNC(=O)c1cccc(CNc2cc(C(F)(F)F)cc3ncc(N4CCN(C)CC4)cc23)c1	CHEMBL3221116	3717
CNC(=O)c1cccc(F)c1Nc1nc(Nc2cccc(NC(=O)CNC(=O)NC(C)(C)C)c2)ncc1Cl	CHEMBL3357438	3717
CNC(=O)c1cccc(F)c1Nc1nc(Nc2cccc(NC(=O)CNC(=O)OC(C)(C)C)c2)ncc1Cl	CHEMBL3356907	3717
CNC(=O)c1cccc(Nc2nccc(Oc3ccc(NC(=O)C4(C(=O)Nc5ccc(F)cc5)CC4)cc3)n2)c1	CHEMBL4860303	3717
CNC(=O)c1ccccc1Nc1nc(Nc2cc3c(cc2OC)CCN(C)CCCC3)ncc1Cl	CHEMBL3263978	3717
CNC(=O)c1ccccc1Nc1nc(Nc2cc3c(cc2OC)CCN(C)CCCCC3)ncc1Cl	CHEMBL3263977	3717
CNC(=O)c1ccccc1Nc1nc(Nc2ccc3c(c2)C(C)CN(C(C)=O)CC3)ncc1Cl	CHEMBL3263982	3717
CNC(=O)c1ccccc1Nc1nc(Nc2ccc3c(c2)C(C)CN(C)CC3)ncc1Cl	CHEMBL3263971	3717
CNC(=O)c1ccccc1Nc1nc(Nc2ccc3c(c2)C(C)CN(CC(=O)N(C)C)CC3)ncc1Cl	CHEMBL3263980	3717
CNC(=O)c1ccccc1Nc1nc(Nc2ccc3c(c2)C(C)CNCC3)ncc1Cl	CHEMBL3263979	3717
CNC(=O)c1ccccc1Nc1nc(Nc2ccc3c(c2)C(c2ccccc2)CN(C)CC3)ncc1Cl	CHEMBL3263970	3717
CNC(=O)c1ccccc1Nc1nc(Nc2cccc(NC(=O)CN)c2)ncc1Cl	CHEMBL3356906	3717
CNC(=O)c1ccccc1Nc1nc(Nc2cccc(NC(=O)CNC(=O)C3CCCN3)c2)ncc1Cl	CHEMBL3357437	3717
CNC(=O)c1ccccc1Nc1nc(Nc2cccc(NC(=O)CNC(=O)N3CCCC3)c2)ncc1Cl	CHEMBL3356908	3717
CNC(=O)c1ccccc1Nc1nc(Nc2nc3c(s2)CCNCC3)ncc1Cl	CHEMBL3330850	3717
CNC(=O)c1coc2c(OC(C)c3c(Cl)ccc(F)c3Cl)c(N)ncc12	CHEMBL2401827	3717
CNCC(=O)N1CCN(c2cnc3ccn(S(=O)(=O)c4cccc5nonc45)c3c2)CC1	CHEMBL564760	3717
CNS(=O)(=O)Cc1ccc2ccc3ncc(-c4cnn(C)c4)cc3c(=O)c2c1	CHEMBL2324119	3717
CNS(=O)(=O)Nc1ccc2ccc3ncc(-c4cnn(C)c4)cc3c(=O)c2c1	CHEMBL1802907	3717
CNS(=O)(=O)c1ccccc1Nc1nc(Nc2ccc3c(c2)C(C)CN(C)CC3)ncc1Cl	CHEMBL3263992	3717
CNc1ccc2ccc3ncc(-c4cnn(C)c4)cc3c(=O)c2c1	CHEMBL1802605	3717
CNc1nccc(-c2ccc(C(=O)NC(CN)Cc3ccc(Cl)cc3Cl)s2)n1	CHEMBL213618_CHEMBL379507_CHEMBL380165	3717
COC(=O)CCCCOC(=O)Nc1cccc(Cn2nc(-n3ccc4ccc(F)cc43)ccc2=O)c1	CHEMBL3417481	3717
COC(=O)N1CC=C(c2coc3c(OC(C)c4c(Cl)ccc(F)c4Cl)c(N)ncc23)CC1	CHEMBL2401829	3717
COC(=O)Nc1cccc(CNc2cc(C(F)(F)F)cc3ncc(N4CCN(C)CC4)cc23)c1	CHEMBL3221122	3717
COC(=O)Nc1cccc(Cn2nc(-c3cc(F)cc(F)c3)ccc2=O)c1	CHEMBL3402744	3717
COC(=O)Nc1nc2cc(OS(=O)(=O)c3c(Cl)cccc3Cl)ccc2[nH]1	CHEMBL4538461	3717
COC(=O)Nc1nc2cc(Sc3nnc4ccc(-c5ccc(F)cc5)nn34)ccc2[nH]1	CHEMBL4453878	3717
COC(=O)c1c[nH]c2nccc(Oc3ccc(NC(=O)NC(=O)Cc4ccc(F)cc4)cc3F)c12	CHEMBL499885	3717
COC(=O)c1cc2nccc(Oc3ccc(NC(=S)NC(=O)Cc4ccccc4)cc3F)c2s1	CHEMBL256972	3717
COC(=O)c1ccc2c(c1)C(=C1Nc3ccccc3C1=NOCCN1CCNCC1)C(=O)N2	CHEMBL4781229_CHEMBL5200264	3717
COC(=O)c1ccc2c(c1)oc(=O)n2CCOc1ccnc2cc(OC)ccc12	CHEMBL3785106	3717
COC(=O)c1ccc2oc(=O)n(CCOc3ccnc4cc(OC)ccc34)c2c1	CHEMBL3786753	3717
COCC(F)Cn1cc(-c2cnc3ccc4ccc(NS(=O)(=O)N(C)C)cc4c(=O)c3c2)cn1	CHEMBL1802836	3717
COCCC(=NS(=O)(=O)Cc1ccc(Br)cc1)Nc1ccc(Oc2ccnc3cc(OC)c(OC)cc23)c(F)c1	CHEMBL4794334	3717
COCCC(=NS(=O)(=O)Cc1ccc(C)cc1)Nc1ccc(Oc2ccnc3cc(OC)c(OC)cc23)c(F)c1	CHEMBL4777837	3717
COCCC(=NS(=O)(=O)Cc1ccc(Cl)cc1)Nc1ccc(Oc2ccnc3cc(OC)c(OC)cc23)c(F)c1	CHEMBL4790688	3717
COCCC(=NS(=O)(=O)Cc1ccc(F)cc1)Nc1ccc(Oc2ccnc3cc(OC)c(OC)cc23)c(F)c1	CHEMBL4799667	3717
COCCC(=NS(=O)(=O)Cc1cccc(C)c1)Nc1ccc(Oc2ccnc3cc(OC)c(OC)cc23)c(F)c1	CHEMBL4784096	3717
COCCC(=NS(=O)(=O)Cc1cccc(F)c1)Nc1ccc(Oc2ccnc3cc(OC)c(OC)cc23)c(F)c1	CHEMBL4784312	3717
COCCC(=NS(=O)(=O)Cc1ccccc1)Nc1ccc(Oc2ccnc3cc(OC)c(OC)cc23)c(F)c1	CHEMBL4799951	3717
COCCC(=NS(=O)(=O)Cc1ccccc1C)Nc1ccc(Oc2ccnc3cc(OC)c(OC)cc23)c(F)c1	CHEMBL4786549	3717
COCCC(=NS(=O)(=O)Cc1ccccc1F)Nc1ccc(Oc2ccnc3cc(OC)c(OC)cc23)c(F)c1	CHEMBL4784321	3717
COCCCN(C)S(=O)(=O)Nc1ccc2ccc3ncc(-c4cnn(C)c4)cc3c(=O)c2c1	CHEMBL1802913	3717
COCCCOc1cnc(-c2cccc(Cn3nc(-n4ccc5ccc(F)cc54)ccc3=O)c2)nc1	CHEMBL3417487	3717
COCCCn1cc(C(=O)Nc2ccc(-c3cn(C)c4ncnc(N)c34)cc2)c(=O)c(-c2ccc(F)cc2)c1	CHEMBL4851027	3717
COCCN1C(=O)COc2c1cnc1ccc(Sc3nnc4c(F)cc(-c5cnn(C)c5)cn34)cc21	CHEMBL3818928	3717
COCCN1C(=O)COc2c1cnc1ccc(Sc3nnc4ccc(-c5cnn(C)c5)cn34)cc21	CHEMBL3818361	3717
COCCNC(=O)Nc1nc2cc(OS(=O)(=O)c3c(F)cccc3F)ccc2[nH]1	CHEMBL4448572	3717
COCCNC(=O)c1ccc(-c2n[nH]c3c2CN(S(=O)(=O)c2c(Cl)cccc2Cl)CC3)cc1	CHEMBL4164843	3717
COCCOc1cc(=O)n(-c2ccc(Oc3ccnc(N)c3Cl)c(F)c2)cc1C(=O)NCc1ccc(F)cc1	CHEMBL3309968	3717
COCCOc1cc(=O)n(-c2ccc(Oc3ccnc(N)c3I)c(F)c2)cc1C(=O)NCc1ccc(F)cc1	CHEMBL3309970	3717
COCCOc1ccc2c(OCCn3c(=O)oc4cc(C)ccc43)ccnc2c1	CHEMBL3786136	3717
COCCOc1ccc2c(OCCn3nc(-n4ccc5ccc(F)cc54)ccc3=O)ccnc2c1	CHEMBL3414602	3717
COCCOc1cnc(Nc2cccc(Cn3nc(-c4cnn(C)c4)ccc3=O)c2)nc1	CHEMBL3759320	3717
COCCOc1cnc2ccc(C(C)c3nnc4c(F)cc(-c5cc(C)no5)cn34)cc2c1	CHEMBL3414926	3717
COCCOc1cnc2ccc(C(C)n3nnc4ccn(-c5cc(C)ns5)c(=O)c43)cc2c1	CHEMBL2029678	3717
COCCOc1cnc2ccn(C(C)c3nnc4c(F)cc(-c5cc(C)no5)cn34)c(=O)c2c1	CHEMBL3785199	3717
COCCOc1cnc2ccn(C(C)c3nnc4c(F)cc(-c5cnn(C)c5)cn34)c(=O)c2c1	CHEMBL3785909	3717
COCCOc1cnc2ccn(C(C)c3nnc4ccc(-c5cc(C)no5)cn34)c(=O)c2c1	CHEMBL3785094	3717
COCCOc1cnc2ccn(C(C)c3nnc4ccc(-c5cnn(C)c5)cn34)c(=O)c2c1	CHEMBL3786005	3717
COCCn1ccc(-c2nn3c(COc4ccnc5cc(OC)ccc45)nnc3s2)c1	CHEMBL4247603	3717
CON=Cc1c(N)ncnc1Oc1ccc(NC(=O)C2(C(=O)Nc3ccc(F)cc3)CC2)cc1F	CHEMBL3814321	3717
COc1cc(=O)n(-c2ccc(Oc3ccnc(N)c3C#CCO)c(F)c2)cc1C(=O)NCc1ccc(F)cc1	CHEMBL3309971	3717
COc1cc(=O)n(-c2ccc(Oc3ccnc(N)c3Cl)c(F)c2)cc1C(=O)NCc1ccc(F)cc1	CHEMBL3309965	3717
COc1cc(=O)n(-c2ccc(Oc3ccnc(N)c3I)c(F)c2)cc1C(=O)NCc1ccc(F)cc1	CHEMBL3309969	3717
COc1cc(NC(=O)C2(C(=O)Nc3ccc(-c4cccc5[nH]nc(N)c45)cc3)CC2)ccc1F	CHEMBL3394473	3717
COc1cc(NC(=O)C2(C(=O)Nc3ccc(-c4cccc5onc(N)c45)cc3)CC2)ccc1F	CHEMBL3394453	3717
COc1cc(NCc2ccc3cnc4[nH]c(=O)n(Cc5ccccc5)c4c3n2)ccn1	CHEMBL3360181	3717
COc1cc(OC)cc(-n2c(=O)c(C(=O)Nc3ccc(Oc4ccnc(N)c4Cl)c(F)c3)cc3ccccc32)c1	CHEMBL4542515	3717
COc1cc2c(Oc3ccc(NC(=O)NC4CCCCC4)cc3)ccnc2cc1OCCCCCCC(=O)NO	CHEMBL4782846	3717
COc1cc2c(Oc3ccc(NC(=O)NN=CC(C)C)cc3F)ccnc2cc1OCCCN1CCCCC1	CHEMBL2419646	3717
COc1cc2c(Oc3ccc(NC(=O)Nc4ccccc4)cc3)ccnc2cc1OCCCCCCC(=O)NO	CHEMBL4743004	3717
COc1cc2nccc(Oc3ccc(-c4c(C)nc(Cc5ccccc5)[nH]c4=O)cc3F)c2cc1OC	CHEMBL460795	3717
COc1cc2nccc(Oc3ccc(-c4cnc(C(N)c5ccccc5)n(C)c4=O)cc3F)c2cc1OC	CHEMBL459948	3717
COc1cc2nccc(Oc3ccc(-c4cnc(Cc5ccccc5)[nH]c4=O)cc3F)c2cc1OC	CHEMBL460586	3717
COc1cc2nccc(Oc3ccc(-c4cnc(Cc5ccccc5)n(C)c4=O)cc3F)c2cc1OC	CHEMBL461648	3717
COc1cc2nccc(Oc3ccc(-c4cnc(Nc5ccc(F)cc5)n(C)c4=O)cc3F)c2cc1OC	CHEMBL461831	3717
COc1cc2nccc(Oc3ccc(-c4cnc(Nc5cccc(F)c5)n(C)c4=O)cc3F)c2cc1OC	CHEMBL461832	3717
COc1cc2nccc(Oc3ccc(-c4cnc(Nc5ccccc5)n(C)c4=O)cc3F)c2cc1OC	CHEMBL518208	3717
COc1cc2nccc(Oc3ccc(-c4cnc(Nc5ccccc5F)n(C)c4=O)cc3F)c2cc1OC	CHEMBL462493	3717
COc1cc2nccc(Oc3ccc(NC(=O)C(C)(C)C(=O)Nc4ccc(F)cc4)cc3)c2cc1OC	CHEMBL4215501	3717
COc1cc2nccc(Oc3ccc(NC(=O)C(C)OC(=O)C4CCCC4)cc3F)c2cc1OC	CHEMBL4783179	3717
COc1cc2nccc(Oc3ccc(NC(=O)C(C)OC(=O)c4ccc5ccccc5c4)cc3F)c2cc1OC	CHEMBL4776294	3717
COc1cc2nccc(Oc3ccc(NC(=O)C(C)OC(=O)c4ccccc4)cc3F)c2cc1OC	CHEMBL4778544	3717
COc1cc2nccc(Oc3ccc(NC(=O)C(C)OC(=O)c4cccs4)cc3F)c2cc1OC	CHEMBL4756464	3717
COc1cc2nccc(Oc3ccc(NC(=O)C(NC(=O)c4ccc(F)cc4)C(C)(C)C)cc3F)c2cc1OC	CHEMBL4800700	3717
COc1cc2nccc(Oc3ccc(NC(=O)C(OC(=O)C4CCCC4)C(C)(C)C)cc3F)c2cc1OC	CHEMBL4786859	3717
COc1cc2nccc(Oc3ccc(NC(=O)C(OC(=O)c4ccc(Br)cc4)C(C)(C)C)cc3F)c2cc1OC	CHEMBL4748906	3717
COc1cc2nccc(Oc3ccc(NC(=O)C(OC(=O)c4ccc(C)cc4)C(C)(C)C)cc3F)c2cc1OC	CHEMBL4778577	3717
COc1cc2nccc(Oc3ccc(NC(=O)C(OC(=O)c4ccc(Cl)cc4)C(C)(C)C)cc3F)c2cc1OC	CHEMBL4763363	3717
COc1cc2nccc(Oc3ccc(NC(=O)C(OC(=O)c4ccc(F)cc4)C(C)(C)C)cc3F)c2cc1OC	CHEMBL4740664_CHEMBL4761612_CHEMBL4779315	3717
COc1cc2nccc(Oc3ccc(NC(=O)C(OC(=O)c4cccc(Cl)c4)C(C)(C)C)cc3F)c2cc1OC	CHEMBL4795132	3717
COc1cc2nccc(Oc3ccc(NC(=O)C(OC(=O)c4cccc(F)c4)C(C)(C)C)cc3F)c2cc1OC	CHEMBL4799621	3717
COc1cc2nccc(Oc3ccc(NC(=O)C(OC(=O)c4ccccc4)C(C)(C)C)cc3F)c2cc1OC	CHEMBL4777622	3717
COc1cc2nccc(Oc3ccc(NC(=O)C(OC(=O)c4ccccc4Cl)C(C)(C)C)cc3F)c2cc1OC	CHEMBL4795991	3717
COc1cc2nccc(Oc3ccc(NC(=O)C(OC(=O)c4ccccc4F)C(C)(C)C)cc3F)c2cc1OC	CHEMBL4752320	3717
COc1cc2nccc(Oc3ccc(NC(=O)C(OC(=O)c4ccco4)C(C)(C)C)cc3F)c2cc1OC	CHEMBL4740127	3717
COc1cc2nccc(Oc3ccc(NC(=O)C(OC(=O)c4cccs4)C(C)(C)C)cc3F)c2cc1OC	CHEMBL4752856	3717
COc1cc2nccc(Oc3ccc(NC(=O)Cc4ccccc4)nc3)c2cc1OC	CHEMBL518511	3717
COc1cc2nccc(Oc3ccc(NC(=O)Cc4ccccn4)nc3)c2cc1OC	CHEMBL462357	3717
COc1cc2nccc(Oc3ccc(NC(=O)NC(=O)CN4CCCC4)nc3)c2cc1OC	CHEMBL461119	3717
COc1cc2nccc(Oc3ccc(NC(=O)NC(=O)CN4CCCCC4)nc3)c2cc1OC	CHEMBL461120	3717
COc1cc2nccc(Oc3ccc(NC(=O)NC(=O)c4c(F)cccc4F)nc3)c2cc1OC	CHEMBL461998	3717
COc1cc2nccc(Oc3ccc(NC(=O)NC(=O)c4ccccc4)nc3)c2cc1OC	CHEMBL472552	3717
COc1cc2nccc(Oc3ccc(NC(=O)NC4CCCCC4)nc3)c2cc1OC	CHEMBL460944	3717
COc1cc2nccc(Oc3ccc(NC(=O)NCC(=O)N(C)C)nc3)c2cc1OC	CHEMBL1822796	3717
COc1cc2nccc(Oc3ccc(NC(=O)NCC(=O)N4CCCC4)nc3)c2cc1OC	CHEMBL462171	3717
COc1cc2nccc(Oc3ccc(NC(=O)NCC(=O)N4CCCCC4)nc3)c2cc1OC	CHEMBL518357	3717
COc1cc2nccc(Oc3ccc(NC(=O)NCCc4c(Cl)cccc4Cl)nc3)c2cc1OC	CHEMBL1822795	3717
COc1cc2nccc(Oc3ccc(NC(=O)NCCc4ccccc4)nc3)c2cc1OC	CHEMBL461118	3717
COc1cc2nccc(Oc3ccc(NC(=O)NCc4ccccc4)nc3)c2cc1OC	CHEMBL459892	3717
COc1cc2nccc(Oc3ccc(NC(=O)NS(=O)(=O)Cc4ccc(Br)cc4)cc3F)c2cc1OC	CHEMBL4542694	3717
COc1cc2nccc(Oc3ccc(NC(=O)NS(=O)(=O)Cc4ccc(C(F)(F)F)cc4)cc3F)c2cc1OC	CHEMBL4514742	3717
COc1cc2nccc(Oc3ccc(NC(=O)NS(=O)(=O)Cc4ccc(C)cc4)cc3F)c2cc1OC	CHEMBL4515605	3717
COc1cc2nccc(Oc3ccc(NC(=O)NS(=O)(=O)Cc4ccc(Cl)cc4)cc3F)c2cc1OC	CHEMBL4448719	3717
COc1cc2nccc(Oc3ccc(NC(=O)NS(=O)(=O)Cc4ccc(Cl)cc4Cl)cc3F)c2cc1OC	CHEMBL4537474	3717
COc1cc2nccc(Oc3ccc(NC(=O)NS(=O)(=O)Cc4ccc(F)cc4)cc3)c2cc1OC	CHEMBL4555029	3717
COc1cc2nccc(Oc3ccc(NC(=O)NS(=O)(=O)Cc4ccc(F)cc4)cc3F)c2cc1OC	CHEMBL4589505	3717
COc1cc2nccc(Oc3ccc(NC(=O)NS(=O)(=O)Cc4cccc(C)c4)cc3F)c2cc1OC	CHEMBL4520218	3717
COc1cc2nccc(Oc3ccc(NC(=O)NS(=O)(=O)Cc4cccc(F)c4)cc3F)c2cc1OC	CHEMBL4535496	3717
COc1cc2nccc(Oc3ccc(NC(=O)NS(=O)(=O)Cc4ccccc4)cc3)c2cc1OC	CHEMBL4545574	3717
COc1cc2nccc(Oc3ccc(NC(=O)NS(=O)(=O)Cc4ccccc4)cc3F)c2cc1OC	CHEMBL4447563	3717
COc1cc2nccc(Oc3ccc(NC(=O)NS(=O)(=O)Cc4ccccc4C)cc3F)c2cc1OC	CHEMBL4469910	3717
COc1cc2nccc(Oc3ccc(NC(=O)NS(=O)(=O)Cc4ccccc4F)cc3F)c2cc1OC	CHEMBL4578065	3717
COc1cc2nccc(Oc3ccc(NC(=O)c4c(C)n(C)n(-c5ccccc5)c4=O)cc3F)c2cc1OC	CHEMBL2031893	3717
COc1cc2nccc(Oc3ccc(NC(=O)c4c(I)ccn(-c5ccc(F)cc5)c4=O)cc3F)c2cc1OC	CHEMBL3260966	3717
COc1cc2nccc(Oc3ccc(NC(=S)NC(=O)Cc4ccccc4)cc3)c2cc1OC	CHEMBL205372	3717
COc1cc2nccc(Oc3ccc(NC(=S)NC(=O)Cc4ccccc4)cc3F)c2cc1OC	CHEMBL404881	3717
COc1cc2nccc(Oc3ccc(NC(=S)NC(=O)Cc4ccccc4)nc3)c2cc1OC	CHEMBL1823127	3717
COc1cc2nccc(Oc3ccc(NC(=S)NC(=O)c4ccccc4)nc3)c2cc1OC	CHEMBL1822794	3717
COc1cc2nccc(Oc3ccc(NC(C)=NS(=O)(=O)Cc4ccc(F)cc4)cc3F)c2cc1OC	CHEMBL4789523	3717
COc1cc2nccc(Oc3ccc(NC(C)=NS(=O)(=O)Cc4ccccc4)cc3F)c2cc1OC	CHEMBL4797307	3717
COc1cc2nccc(Oc3ccc(NC(C)=O)nc3)c2cc1OC	CHEMBL462183	3717
COc1cc2nccc(Oc3ccc4nc(NC(=O)Cc5ccccc5)sc4c3)c2cc1OC	CHEMBL460791	3717
COc1cc2ncnc(Oc3ccc(-n4cc(C(=O)NCc5ccc(F)cc5)ccc4=O)cc3F)c2cc1OC	CHEMBL3309964	3717
COc1cc2ncnc(Oc3ccc(NC(=O)NC(=O)c4c(F)cccc4F)nc3)c2cc1OC	CHEMBL1823479	3717
COc1cc2ncnc(Oc3ccc(NC(=O)Nc4cccc(Br)c4)cc3)c2cc1OC	CHEMBL2018882	3717
COc1cc2ncnc(Oc3ccc(Nc4nccc5[nH]cc(-c6ccc(F)cc6)c(=O)c45)cc3)c2cc1OC	CHEMBL4784431	3717
COc1ccc(-c2cc(C(F)(F)F)cc3ncc(N4CCN(C)CC4)nc23)cc1OC	CHEMBL457338	3717
COc1ccc(-c2cc(F)c3ncc(Cc4ccc5ncccc5c4)n3c2)cc1F	CHEMBL3582288	3717
COc1ccc(-c2ccc(C(=O)Nc3ccc(Oc4ccnc5[nH]ccc45)cc3)nc2)cc1	CHEMBL3752664	3717
COc1ccc(-c2ccnc(C(=O)Nc3ccc(Oc4ccnc5[nH]ccc45)c(F)c3)c2)cc1	CHEMBL3754306	3717
COc1ccc(-c2ccnc(C(=O)Nc3ccc(Oc4ccnc5[nH]ccc45)cc3)c2)cc1	CHEMBL3753270	3717
COc1ccc(-c2nn3c(COc4ccnc5cc(OC)ccc45)nnc3s2)cc1	CHEMBL4251039	3717
COc1ccc(-n2c(=O)c(C(=O)Nc3ccc(Oc4ccnc(N)c4Cl)c(F)c3)cc3ccccc32)cc1	CHEMBL4443952	3717
COc1ccc(-n2c(=O)c(C(=O)Nc3ccc(Oc4ccnc(N)c4Cl)c(F)c3)cc3ccccc32)cc1C	CHEMBL4589258	3717
COc1ccc(-n2cc(C)c(=O)c(C(=O)Nc3ccc(Oc4ccnc(NC(=O)C5CC5)c4)c(F)c3)n2)cc1	CHEMBL4799818	3717
COc1ccc(-n2nc(C(=O)Nc3ccc(Oc4ccnc(NC(=O)C5CC5)c4)c(F)c3)c(=O)n(C)c2=O)cc1	CHEMBL4749958	3717
COc1ccc(-n2nc(C(=O)Nc3ccc(Oc4ccnc(NC(=O)C5CC5)c4)c(F)c3)c(C)cc2=O)cc1	CHEMBL4790670	3717
COc1ccc(-n2nc(C(=O)Nc3ccc(Oc4ccnc5[nH]ccc45)c(F)c3)c(C)cc2=O)cc1	CHEMBL4094711	3717
COc1ccc(-n2nc(C(=O)Nc3ccc(Oc4ccnc5[nH]ccc45)cc3)c(C)cc2=O)cc1	CHEMBL4084557	3717
COc1ccc(-n2nnc(C(=O)Nc3ccc(Oc4ccnc5[nH]ccc45)c(F)c3)c2C(F)(F)F)cc1	CHEMBL3774984	3717
COc1ccc(-n2nnc(C(=O)Nc3ccc(Oc4ccnc5[nH]ccc45)c(F)c3)c2C)cc1	CHEMBL3775092	3717
COc1ccc(-n2nnc(C(=O)Nc3ccc(Oc4ccnc5[nH]ccc45)cc3)c2C(F)(F)F)cc1	CHEMBL3774679	3717
COc1ccc(-n2nnc(C(=O)Nc3ccc(Oc4ccnc5[nH]ccc45)cc3)c2C)cc1	CHEMBL3775275	3717
COc1ccc(C#CC(C)(C)N)cc1-c1[nH]nc2nc(Nc3ccc(F)cc3F)ncc12	CHEMBL370808	3717
COc1ccc(C#CC(C)(C)N)cc1C(=O)c1ccc(Nc2ccc(F)cc2F)cc1	CHEMBL419409	3717
COc1ccc(C=NNc2ncc(Cl)c(Nc3ccccc3S(=O)(=O)C(C)C)n2)cc1	CHEMBL3894726	3717
COc1ccc(Cc2nnc3sc(-c4cc5ccccc5[nH]4)nn23)cc1	CHEMBL4165354	3717
COc1ccc(Cl)c(C(C)Oc2c(N)ncc3c(-c4cnn(C5CCNCC5)c4)coc23)c1Cl	CHEMBL2401809	3717
COc1ccc(Cn2cnc3ncc(-c4ccc(F)cc4)nc32)cc1	CHEMBL1822376	3717
COc1ccc(NC(=O)CC(=O)Nc2ccc3c(c2)NC(=O)C3=Cc2[nH]c(C)c(C(=O)O)c2C)cc1	CHEMBL3322565	3717
COc1ccc(Nc2nccc(Oc3ccc(NC(=O)C4(C(=O)Nc5ccc(F)cc5)CC4)cc3F)n2)cc1	CHEMBL3287596	3717
COc1ccc2[nH]c(-c3nn4c(COc5ccnc6cc(OC)ccc56)nnc4s3)cc2c1	CHEMBL4248002	3717
COc1ccc2[nH]c3nc4nnc(Cc5ccc(O)cc5)n4nc3c2c1Cl	CHEMBL1822788	3717
COc1ccc2c(OCCn3c(=O)oc4cc(-c5cnn(C)c5)ccc43)ccnc2c1	CHEMBL3787278	3717
COc1ccc2c(OCCn3c(=O)oc4cc(C)ccc43)ccnc2c1	CHEMBL3786924	3717
COc1ccc2c(OCCn3c(=O)oc4cc(F)ccc43)ccnc2c1	CHEMBL3786146	3717
COc1ccc2c(OCCn3c(=O)oc4cc(N)ccc43)ccnc2c1	CHEMBL3785213	3717
COc1ccc2c(OCCn3c(=O)oc4cc(N5CCOCC5)ccc43)ccnc2c1	CHEMBL3787185	3717
COc1ccc2c(OCCn3c(=O)oc4cc(OC)ccc43)ccnc2c1	CHEMBL3787308	3717
COc1ccc2c(OCCn3c(=O)oc4ccc(-c5cnn(C)c5)cc43)ccnc2c1	CHEMBL3786658	3717
COc1ccc2c(OCCn3c(=O)oc4ccc(C)cc43)ccnc2c1	CHEMBL3786588	3717
COc1ccc2c(OCCn3c(=O)oc4ccc(F)cc43)ccnc2c1	CHEMBL3787205	3717
COc1ccc2c(OCc3nnc4c(F)cc(-c5ccccc5)cn34)ccnc2c1	CHEMBL3414731	3717
COc1ccc2c(OCc3nnc4ccc(-c5cc(C)ns5)nn34)ccnc2c1	CHEMBL567908	3717
COc1ccc2c(OCc3nnc4ccc(-c5cc(F)c(F)c(F)c5)nn34)ccnc2c1	CHEMBL494979	3717
COc1ccc2c(OCc3nnc4ccc(-c5cc(F)cc(F)c5)nn34)ccnc2c1	CHEMBL494630	3717
COc1ccc2c(OCc3nnc4ccc(-c5ccc(F)c(F)c5)nn34)ccnc2c1	CHEMBL522196	3717
COc1ccc2c(OCc3nnc4ccc(-c5ccc(F)cc5)nn34)ccnc2c1	CHEMBL497968	3717
COc1ccc2c(OCc3nnc4ccc(-c5cccc(F)c5)nn34)ccnc2c1	CHEMBL494793	3717
COc1ccc2c(OCc3nnc4ccc(-c5ccccc5)cn34)ccnc2c1	CHEMBL3414730	3717
COc1ccc2c(OCc3nnc4ccc(-c5ccccc5)nn34)ccnc2c1	CHEMBL496102	3717
COc1ccc2c(OCc3nnc4ccc(-c5ccccc5F)nn34)ccnc2c1	CHEMBL494794	3717
COc1ccc2c(OCc3nnc4ncc(-c5ccccc5)nn34)ccnc2c1	CHEMBL3797911	3717
COc1ccc2c(OCc3nnc4nnc(-c5ccccc5)nn34)ccnc2c1	CHEMBL3809634	3717
COc1ccc2c(OCc3nnc4sc(-c5cc(F)c(F)c(F)c5)nn34)ccnc2c1	CHEMBL4239116	3717
COc1ccc2c(OCc3nnc4sc(-c5cc6cc(F)ccc6[nH]5)nn34)ccnc2c1	CHEMBL4245214	3717
COc1ccc2c(OCc3nnc4sc(-c5cc6ccccc6[nH]5)nn34)ccnc2c1	CHEMBL4165119	3717
COc1ccc2c(OCc3nnc4sc(-c5cc6ccccc6n5C)nn34)ccnc2c1	CHEMBL4245825	3717
COc1ccc2c(OCc3nnc4sc(-c5cc[nH]c5)nn34)ccnc2c1	CHEMBL4238042	3717
COc1ccc2c(OCc3nnc4sc(-c5ccc(F)cc5)nn34)ccnc2c1	CHEMBL4250443	3717
COc1ccc2c(OCc3nnc4sc(-c5ccc6[nH]cnc6c5)nn34)ccnc2c1	CHEMBL4170972	3717
COc1ccc2c(OCc3nnc4sc(-c5cccc(F)c5)nn34)ccnc2c1	CHEMBL4249969	3717
COc1ccc2c(OCc3nnc4sc(-c5cccn5C)nn34)ccnc2c1	CHEMBL4242184	3717
COc1ccc2c(OCc3nnc4sc(-c5ccn(C6CCCC6)c5)nn34)ccnc2c1	CHEMBL4247327	3717
COc1ccc2c(OCc3nnc4sc(-c5ccn(CC6CC6)c5)nn34)ccnc2c1	CHEMBL4250868	3717
COc1ccc2c(OCc3nnc4sc(-c5ccncc5)nn34)ccnc2c1	CHEMBL4242360	3717
COc1ccc2c(OCc3nnc4sc(-c5cnn(C)c5)nn34)ccnc2c1	CHEMBL4249147	3717
COc1ccc2c(OCc3nnc4sc(-c5cscn5)nn34)ccnc2c1	CHEMBL4167593	3717
COc1ccc2c(Oc3ccc(NC(=O)c4c(C)n(C)n(-c5ccccc5)c4=O)cc3F)ccnc2c1	CHEMBL460465	3717
COc1ccc2c(Oc3ccc(NC(=O)c4c(C)n(CC(C)=O)n(-c5ccccc5)c4=O)cc3F)ccnc2c1	CHEMBL461293	3717
COc1ccc2c(Oc3ccc(NC(=O)c4c(C)n(CC(C)C)n(-c5ccccc5)c4=O)cc3F)ccnc2c1	CHEMBL459647	3717
COc1ccc2c(Oc3ccc(NC(=O)c4c(C)n(CC(C)O)n(-c5ccccc5)c4=O)cc3F)ccnc2c1	CHEMBL2032028_CHEMBL460468_CHEMBL518174	3717
COc1ccc2c(Oc3ccc(Nc4nccc5[nH]cc(-c6ccc(F)cc6)c(=O)c45)cc3F)ccnc2c1	CHEMBL4756289	3717
COc1ccc2c(c1)CNc1c(ncnc1Oc1ccc(NC(=O)C3(C(=O)Nc4ccc(F)cc4)CC3)cc1)N2	CHEMBL4206655	3717
COc1ccc2ccn(-c3ccc(=O)n(Cc4cccc(NC(=O)OCCCCN(C)C)c4)n3)c2c1	CHEMBL3417494	3717
COc1cccc(-c2ccc(=O)n(Cc3cccc(-c4ncc(OCCCN(C)C)cn4)c3)n2)c1	CHEMBL3402759	3717
COc1cccc(-c2cnc3nnc(Cc4ccc5ncccc5c4)n3n2)c1	CHEMBL3800559	3717
COc1cccc(-c2nn3c(COc4ccnc5cc(OC)ccc45)nnc3s2)c1	CHEMBL4248266	3717
COc1cccc(-n2c(=O)c(C(=O)Nc3ccc(Oc4ccnc(N)c4Cl)c(F)c3)cc3ccccc32)c1	CHEMBL4468577	3717
COc1cccc(C=NNc2ncc(Cl)c(Nc3ccccc3S(=O)(=O)C(C)C)n2)c1	CHEMBL3905284	3717
COc1cccc(Nc2nccc(Oc3ccc(NC(=O)C4(C(=O)Nc5ccc(F)cc5)CC4)cc3F)n2)c1	CHEMBL3287595	3717
COc1cccc(S(=O)(=O)n2ccc3ncccc32)c1	CHEMBL556215	3717
COc1ccccc1CNc1ncc(C(=O)NCCCN2CCCC2=O)c(NC2CCCC2)n1	CHEMBL2312301	3717
COc1ccn(-c2ccc(F)cc2)c(=O)c1C(=O)Nc1ccc(Oc2ccnc(N)c2Cl)c(F)c1	CHEMBL4753082	3717
COc1cnc(-c2cccc(Cn3nc(-n4ccc5ccc(F)cc54)ccc3=O)c2)nc1	CHEMBL3417488	3717
COc1cnc2c(NCc3nnc4ccc(-c5cc(C)ns5)nn34)ccnc2c1	CHEMBL566685	3717
COc1cnc2ccc(C(C)(F)c3nnc4c(F)cc(-c5cc(C)no5)cn34)cc2c1	CHEMBL3414918	3717
COc1cnc2ccc(C(C)(F)c3nnc4c(F)cc(-c5cc(C)ns5)cn34)cc2c1	CHEMBL3414917	3717
COc1cnc2ccc(C(C)(F)c3nnc4c(F)cc(-c5cnn(C)c5)cn34)cc2c1	CHEMBL3414919	3717
COc1cnc2ccc(C(C)c3nnc4c(F)cc(-c5cc(C)ns5)cn34)cc2c1	CHEMBL3414921	3717
COc1cnc2ccc(C(C)c3nnc4c(F)cc(-c5cn(C)cn5)cn34)cc2c1	CHEMBL3414922	3717
COc1cnc2ccc(C(C)c3nnc4c(F)cc(-c5cnn(C)c5)cn34)cc2c1	CHEMBL3414923	3717
COc1cnc2ccc(C(F)(F)c3nnc4c(F)cc(-c5cc(C)no5)cn34)cc2c1	CHEMBL3414913	3717
COc1cnc2ccc(C(F)(F)c3nnc4c(F)cc(-c5cnn(C)c5)cn34)cc2c1	CHEMBL3414915	3717
COc1cnc2ccc(C(F)(F)c3nnc4c(F)cc(-c5cscn5)cn34)cc2c1	CHEMBL3414914	3717
COc1cnc2ccc(C3(c4nnc5c(F)cc(-c6cc(C)no6)cn45)CC3)cc2c1	CHEMBL3414928	3717
COc1cnc2ccc(Cc3nnc4c(F)cc(-c5cnn(C)c5)cn34)cc2c1	CHEMBL3414742	3717
COc1cnc2ccn(C(C)c3nnc4c(F)cc(-c5cc(C)no5)cn34)c(=O)c2c1	CHEMBL3786314	3717
COc1cnc2ccn(C(C)c3nnc4c(F)cc(-c5cnn(C)c5)cn34)c(=O)c2c1	CHEMBL3787004	3717
COc1cnc2ccn(C(C)c3nnc4ccc(-c5cnn(C)c5)cn34)c(=O)c2c1	CHEMBL3785374	3717
CS(=O)(=O)Cc1cccc(Nc2nccc(Oc3ccc(NC(=O)C4(C(=O)Nc5ccccc5)CC4)cc3)n2)c1	CHEMBL3287303	3717
CS(=O)(=O)Nc1ccc2c(c1)C(=O)c1cc(-c3ccccc3)cnc1CC2	CHEMBL1803005	3717
CS(=O)(=O)Nc1ccc2c(c1)C(N1CCCC1)c1cc(-c3ccccc3)cnc1C=C2	CHEMBL1803008	3717
CS(=O)(=O)Nc1ccc2c(c1)Cc1cc(-c3ccccc3)cnc1C=C2	CHEMBL1803007	3717
CS(=O)(=O)Nc1ccc2ccc3c(cc(-c4ccccc4)c[n+]3[O-])c(=O)c2c1	CHEMBL1803015	3717
CS(=O)(=O)Nc1ccc2ccc3nc(N)c(-c4ccccc4)cc3c(=O)c2c1	CHEMBL1803014	3717
CS(=O)(=O)Nc1ccc2ccc3ncc(-c4ccc(Cl)cc4)cc3c(=O)c2c1	CHEMBL1802594	3717
CS(=O)(=O)Nc1ccc2ccc3ncc(-c4cccc(Cl)c4)cc3c(=O)c2c1	CHEMBL1802593	3717
CS(=O)(=O)Nc1ccc2ccc3ncc(-c4ccccc4)cc3c(=O)c2c1	CHEMBL1803004	3717
CS(=O)(=O)Nc1ccc2ccc3ncc(-c4ccccc4Cl)cc3c(=O)c2c1	CHEMBL1802592	3717
CS(=O)(=O)Nc1ccc2ccc3ncc(-c4cccnc4)cc3c(=O)c2c1	CHEMBL1802596	3717
CS(=O)(=O)Nc1ccc2ccc3ncc(-c4ccncc4)cc3c(=O)c2c1	CHEMBL1802595	3717
CS(=O)(=O)Nc1ccc2ccc3ncc(-c4ccoc4)cc3c(=O)c2c1	CHEMBL1802598	3717
CS(=O)(=O)Nc1ccc2ccc3ncc(-c4ccsc4)cc3c(=O)c2c1	CHEMBL1802599	3717
CS(=O)(=O)Nc1ccc2ccc3ncc(-c4cn[nH]c4)cc3c(=O)c2c1	CHEMBL1802601	3717
CS(=O)(=O)Nc1ccc2ccc3ncc(-c4cncnc4)cc3c(=O)c2c1	CHEMBL1802597	3717
CS(=O)(=O)Nc1ccc2ccc3ncc(-c4cnsc4)cc3c(=O)c2c1	CHEMBL1802600	3717
CS(=O)(=O)Nc1ccc2ccc3ncc(Cl)cc3c(=O)c2c1	CHEMBL1803011	3717
CS(=O)(=O)Nc1ccc2ccc3ncc(N4CCC5(CC4)OCCO5)cc3c(=O)c2c1	CHEMBL1802590	3717
CS(=O)(=O)Nc1ccc2ccc3ncc(N4CCCCC4)cc3c(=O)c2c1	CHEMBL1802585	3717
CS(=O)(=O)Nc1ccc2ccc3ncc(N4CCN(c5cccnc5)CC4)cc3c(=O)c2c1	CHEMBL1802591	3717
CS(=O)(=O)Nc1ccc2ccc3ncc(N4CCOCC4)cc3c(=O)c2c1	CHEMBL1802586	3717
CS(=O)(=O)Nc1ccc2ccc3ncc(NCC4CC4)cc3c(=O)c2c1	CHEMBL1802588	3717
CS(=O)(=O)Nc1ccc2ccc3ncccc3c(=O)c2c1	CHEMBL1803013	3717
CS(=O)(=O)Nc1ccccc1Nc1nc(Nc2cccc(NC(=O)CN)c2)ncc1Cl	CHEMBL3357441	3717
CSc1cc2nccc(Oc3ccc(NC(=S)NC(=O)Cc4ccccc4)cc3F)c2s1	CHEMBL256920	3717
Cc1[nH]c(C=C2C(=O)Nc3ccc(S(=O)(=O)N(C)c4cccc(Cl)c4)cc32)c(C)c1C(=O)N1CCN(C)CC1	CHEMBL261641	3717
Cc1[nH]c(C=C2C(=O)Nc3ccc(S(=O)(=O)N(C)c4cccc(Cl)c4)cc32)c(C)c1CCCN1CCOCC1	CHEMBL1822006	3717
Cc1[nH]c(C=C2C(=O)Nc3ccc(S(=O)(=O)N4CCc5ccccc54)cc32)c(C)c1C(=O)N1CCN(C)CC1	CHEMBL1822971	3717
Cc1c(C(=O)NCC#N)sc2ncnc(Oc3ccc(NC(=O)C4(C(=O)Nc5ccc(F)cc5)CC4)cc3F)c12	CHEMBL4208557	3717
Cc1c(C(=O)Nc2ccc(Oc3ccnc4[nH]ccc34)c(F)c2)nnn1-c1ccc(Cl)c(C(F)(F)F)c1	CHEMBL3775150	3717
Cc1c(C(=O)Nc2ccc(Oc3ccnc4[nH]ccc34)c(F)c2)nnn1-c1ccc(F)c(Cl)c1	CHEMBL3774854	3717
Cc1c(C(=O)Nc2ccc(Oc3ccnc4[nH]ccc34)c(F)c2)nnn1-c1ccc(F)c(F)c1	CHEMBL3775756	3717
Cc1c(C(=O)Nc2ccc(Oc3ccnc4[nH]ccc34)c(F)c2)nnn1-c1ccc(F)cc1	CHEMBL3774523	3717
Cc1c(C(=O)Nc2ccc(Oc3ccnc4[nH]ccc34)c(F)c2)nnn1-c1ccccc1	CHEMBL3774790	3717
Cc1c(C(=O)Nc2ccc(Oc3ccnc4[nH]ccc34)c(F)c2)nnn1-c1ccccc1F	CHEMBL3775013	3717
Cc1c(C(=O)Nc2ccc(Oc3ccnc4[nH]ccc34)cc2)nnn1-c1ccc(Cl)c(C(F)(F)F)c1	CHEMBL3775785	3717
Cc1c(C(=O)Nc2ccc(Oc3ccnc4[nH]ccc34)cc2)nnn1-c1ccc(F)c(Cl)c1	CHEMBL3774740	3717
Cc1c(C(=O)Nc2ccc(Oc3ccnc4[nH]ccc34)cc2)nnn1-c1ccc(F)c(F)c1	CHEMBL3775764	3717
Cc1c(C(=O)Nc2ccc(Oc3ccnc4[nH]ccc34)cc2)nnn1-c1ccc(F)cc1	CHEMBL3775300	3717
Cc1c(C(=O)Nc2ccc(Oc3ccnc4[nH]ccc34)cc2)nnn1-c1ccccc1	CHEMBL3775550	3717
Cc1c(C(=O)Nc2ccc(Oc3ccnc4[nH]ccc34)cc2)nnn1-c1ccccc1F	CHEMBL3775137	3717
Cc1c(NC(=O)c2cccn(-c3ccc(F)cc3)c2=O)ccc(Oc2ccnc(NC(=O)C3CC3)c2)c1C	CHEMBL4551490	3717
Cc1c(OCC(O)CO)cn2ncnc(Oc3ccc(NC(=O)C4(C(=O)Nc5ccc(F)cc5)CC4)cc3F)c12	CHEMBL4292983	3717
Cc1c(OCCCN(C)C)cn2ncnc(Oc3ccc(NC(=O)CC(=O)Nc4ccc(F)cc4)cc3F)c12	CHEMBL254280	3717
Cc1c(OCCCN(C)C)cn2ncnc(Oc3ccc(NC(=O)NC(=O)Cc4ccc(F)cc4)cc3F)c12	CHEMBL438696	3717
Cc1c(OCCCN(C)C)cn2ncnc(Oc3ccc(NC(=O)c4c(F)cccc4F)cc3F)c12	CHEMBL400332	3717
Cc1c(OCCCN(C)C)cn2ncnc(Oc3ccc(NC(=O)c4cccnc4)cc3F)c12	CHEMBL253222	3717
Cc1c(OCCN(C)C)cn2ncnc(Oc3ccc(NC(=O)CC(=O)Nc4ccc(F)cc4)cc3F)c12	CHEMBL254907	3717
Cc1c(OCCN(C)C)cn2ncnc(Oc3ccc(NC(=O)NC(=O)Cc4ccc(F)cc4)cc3F)c12	CHEMBL400556	3717
Cc1c(OCCN2CCN(C)CC2)cn2ncnc(Oc3ccc(NC(=O)c4c(F)cccc4F)cc3F)c12	CHEMBL255092	3717
Cc1c(OCCN2CCN(C)CC2)cn2ncnc(Oc3ccc(NC(=O)c4cc(Cl)ccc4F)cc3F)c12	CHEMBL251782	3717
Cc1c(OCCN2CCN(C)CC2)cn2ncnc(Oc3ccc(NC(=O)c4cc(F)ccc4F)cc3F)c12	CHEMBL255091	3717
Cc1c(OCCN2CCN(C)CC2)cn2ncnc(Oc3ccc(NC(=O)c4ccccc4F)cc3F)c12	CHEMBL254879	3717
Cc1c(OCCN2CCN(C)CC2)cn2ncnc(Oc3ccc(NC(=O)c4cccnc4)cc3F)c12	CHEMBL251980	3717
Cc1c(OCCN2CCN(C)CC2)cn2ncnc(Oc3ccc(NC(=O)c4cccs4)cc3F)c12	CHEMBL399674	3717
Cc1cc(-c2cc(F)c3nnc(C(C)c4ccc5ncccc5c4)n3c2)sn1	CHEMBL3414920	3717
Cc1cc(-c2cc(F)c3nnc(C(C)n4ccc5ncccc5c4=O)n3c2)on1	CHEMBL3786495	3717
Cc1cc(-c2cc(F)c3nnc(C(F)(F)c4ccc5ncccc5c4)n3c2)on1	CHEMBL3414736	3717
Cc1cc(-c2ccccc2)c2nc(N3CCN(C)CC3)cnc2c1	CHEMBL458874	3717
Cc1cc(=O)n(-c2ccc(Br)cc2F)nc1C(=O)Nc1ccc(Oc2ccnc3[nH]ccc23)c(F)c1	CHEMBL4087017	3717
Cc1cc(=O)n(-c2ccc(Br)cc2F)nc1C(=O)Nc1ccc(Oc2ccnc3[nH]ccc23)cc1	CHEMBL4065638	3717
Cc1cc(=O)n(-c2ccc(Br)cc2F)nc1C(=O)Nc1ccc(Oc2ccnc3c2ccn3C)cc1	CHEMBL4097410	3717
Cc1cc(=O)n(-c2ccc(Br)cc2F)nc1C(=O)Nc1ccc(Oc2ncnc3ccsc23)c(F)c1	CHEMBL4204150	3717
Cc1cc(=O)n(-c2ccc(Cl)cc2)nc1C(=O)Nc1ccc(Oc2ccnc(NC(=O)C3CC3)c2)c(F)c1	CHEMBL4784403	3717
Cc1cc(=O)n(-c2ccc(Cl)cc2Cl)nc1C(=O)Nc1ccc(Oc2ccnc3[nH]ccc23)c(F)c1	CHEMBL4067260	3717
Cc1cc(=O)n(-c2ccc(Cl)cc2Cl)nc1C(=O)Nc1ccc(Oc2ccnc3[nH]ccc23)cc1	CHEMBL4103455	3717
Cc1cc(=O)n(-c2ccc(Cl)cc2Cl)nc1C(=O)Nc1ccc(Oc2ccnc3c2ccn3C)cc1	CHEMBL4091384	3717
Cc1cc(=O)n(-c2ccc(F)c(Cl)c2)nc1C(=O)Nc1ccc(Oc2ccnc3[nH]ccc23)cc1	CHEMBL4085528	3717
Cc1cc(=O)n(-c2ccc(F)c(Cl)c2)nc1C(=O)Nc1ccc(Oc2ccnc3c2ccn3C)cc1	CHEMBL4078622	3717
Cc1cc(=O)n(-c2ccc(F)cc2)nc1C(=O)Nc1ccc(Oc2ccnc(NC(=O)C3CC3)c2)c(F)c1	CHEMBL4782054	3717
Cc1cc(=O)n(-c2ccc(F)cc2)nc1C(=O)Nc1ccc(Oc2ccnc3[nH]ccc23)c(F)c1	CHEMBL4066684	3717
Cc1cc(=O)n(-c2ccc(F)cc2)nc1C(=O)Nc1ccc(Oc2ccnc3[nH]ccc23)cc1	CHEMBL4104755	3717
Cc1cc(=O)n(-c2ccc(F)cc2)nc1C(=O)Nc1ccc(Oc2ccnc3c2ccn3C)cc1	CHEMBL4068286	3717
Cc1cc(=O)n(-c2ccc(F)cc2)nc1C(=O)Nc1ccc(Oc2ncnc3ccsc23)c(F)c1	CHEMBL4215703	3717
Cc1cc(=O)n(-c2ccc(F)cc2)nc1C(=O)Nc1ccc(Oc2ncnc3ccsc23)cc1	CHEMBL4205562	3717
Cc1cc(=O)n(-c2cccc(Br)c2)nc1C(=O)Nc1ccc(Oc2ccnc3c2ccn3C)cc1	CHEMBL4089464	3717
Cc1cc(=O)n(-c2cccc(C(F)(F)F)c2)nc1C(=O)Nc1ccc(Oc2ccnc3[nH]ccc23)cc1	CHEMBL4074260	3717
Cc1cc(=O)n(-c2cccc(C(F)(F)F)c2)nc1C(=O)Nc1ccc(Oc2ccnc3c2ccn3C)c(F)c1	CHEMBL4076617	3717
Cc1cc(=O)n(-c2cccc(C(F)(F)F)c2)nc1C(=O)Nc1ccc(Oc2ccnc3c2ccn3C)cc1	CHEMBL4088695	3717
Cc1cc(=O)n(-c2cccc(F)c2)nc1C(=O)Nc1ccc(Oc2ccnc3[nH]ccc23)c(F)c1	CHEMBL4087981	3717
Cc1cc(=O)n(-c2cccc(F)c2)nc1C(=O)Nc1ccc(Oc2ccnc3[nH]ccc23)cc1	CHEMBL4066710	3717
Cc1cc(=O)n(-c2cccc(F)c2)nc1C(=O)Nc1ccc(Oc2ccnc3c2ccn3C)cc1	CHEMBL4097171	3717
Cc1cc(=O)n(-c2ccccc2)nc1C(=O)Nc1ccc(Oc2ccnc(NC(=O)C3CC3)c2)c(F)c1	CHEMBL4752067	3717
Cc1cc(=O)n(-c2ccccc2)nc1C(=O)Nc1ccc(Oc2ccnc3[nH]ccc23)cc1	CHEMBL4075470	3717
Cc1cc(=O)n(-c2ccccc2)nc1C(=O)Nc1ccc(Oc2ccnc3c2ccn3C)cc1	CHEMBL4104881	3717
Cc1cc(=O)n(-c2ccccc2C(F)(F)F)nc1C(=O)Nc1ccc(Oc2ccnc3[nH]ccc23)c(F)c1	CHEMBL4102463	3717
Cc1cc(=O)n(-c2ccccc2C(F)(F)F)nc1C(=O)Nc1ccc(Oc2ccnc3[nH]ccc23)cc1	CHEMBL4080532	3717
Cc1cc(=O)n(-c2ccccc2C(F)(F)F)nc1C(=O)Nc1ccc(Oc2ccnc3c2ccn3C)cc1	CHEMBL4066651	3717
Cc1cc(=O)n(-c2ccccc2Cl)nc1C(=O)Nc1ccc(Oc2ccnc(NC(=O)C3CC3)c2)c(F)c1	CHEMBL4757146	3717
Cc1cc(=O)n(-c2ccccc2F)nc1C(=O)Nc1ccc(Oc2ccnc(NC(=O)C3CC3)c2)c(F)c1	CHEMBL4777671	3717
Cc1cc(=O)n(-c2ccccc2F)nc1C(=O)Nc1ccc(Oc2ccnc3[nH]ccc23)c(F)c1	CHEMBL4093275	3717
Cc1cc(=O)n(-c2ccccc2F)nc1C(=O)Nc1ccc(Oc2ccnc3[nH]ccc23)cc1	CHEMBL4062107	3717
Cc1cc(=O)n(-c2ccccc2F)nc1C(=O)Nc1ccc(Oc2ccnc3c2ccn3C)cc1	CHEMBL4079155	3717
Cc1cc(C(=O)Nc2ccc(Oc3ccc4nc(NC(=O)C5CC5)cn4n3)cc2)n(C)n1	CHEMBL3093588	3717
Cc1cc(C(=O)Nc2ccc(Oc3ccc4nc(NC(=O)C5CC5)cn4n3)cc2)nn1-c1ccccc1	CHEMBL3093586	3717
Cc1cc(C)cc(-n2c(=O)c(C(=O)Nc3ccc(Oc4ccnc(N)c4Cl)c(F)c3)cc3ccccc32)c1	CHEMBL4578460	3717
Cc1cc(N2CCOCC2)cc2[nH]c(-c3c(NCC(O)c4cccc(Cl)c4)cc[nH]c3=O)nc12	CHEMBL401930	3717
Cc1cc(NC(=O)C2(C(=O)Nc3ccc(F)cc3)CC2)ccc1-c1cccc2[nH]nc(N)c12	CHEMBL3394477	3717
Cc1cc(NC(=O)NC(=O)Cc2ccc(F)cc2)ncc1Oc1ccnc(-c2cnn(C)c2)c1	CHEMBL5186979	3717
Cc1cc(NC(=O)c2cccn(-c3ccc(F)cc3)c2=O)cc(C)c1Oc1ccnc(NC(=O)C2CC2)c1	CHEMBL4476076	3717
Cc1cc(NC(=O)c2cccn(-c3ccc(F)cc3)c2=O)cc(C)c1Oc1ccncc1	CHEMBL4542026	3717
Cc1cc(NC(=O)c2cccn(-c3ccc(F)cc3)c2=O)ccc1Oc1ccnc(NC(=O)C2CC2)c1	CHEMBL4476485	3717
Cc1cc(Nc2ncc(Cl)c(Nc3ccccc3S(=O)(=O)C(C)C)n2)c(OC(C)C)cc1C1CCNCC1	CHEMBL2403108	3717
Cc1cc(O)cc(-c2nn(CC#N)cc2-c2cc(NCC(C)O)nc(-c3cccnc3)n2)c1	CHEMBL560733	3717
Cc1ccc(-c2ccc(C(=O)Nc3ccc(Oc4ccnc5[nH]ccc45)c(F)c3)nc2)cc1	CHEMBL3751886	3717
Cc1ccc(-c2ccc(C(=O)Nc3ccc(Oc4ccnc5[nH]ccc45)cc3)nc2)cc1	CHEMBL3753492	3717
Cc1ccc(-c2cccc(Cn3nc(-c4cc(F)cc(F)c4)ccc3=O)c2)nc1	CHEMBL3402753	3717
Cc1ccc(-c2cccc(Cn3nc(-c4cc(F)cc(F)c4)ccc3=O)c2)nn1	CHEMBL3402755	3717
Cc1ccc(-c2ccnc(C(=O)Nc3ccc(Oc4ccnc5[nH]ccc45)c(F)c3)c2)c(C)c1	CHEMBL3752484	3717
Cc1ccc(-c2ccnc(C(=O)Nc3ccc(Oc4ccnc5[nH]ccc45)c(F)c3)c2)cc1	CHEMBL3752217	3717
Cc1ccc(-c2ccnc(C(=O)Nc3ccc(Oc4ccnc5[nH]ccc45)c(F)c3)n2)cc1	CHEMBL3775074	3717
Cc1ccc(-c2ccnc(C(=O)Nc3ccc(Oc4ccnc5[nH]ccc45)cc3)c2)cc1	CHEMBL3752121	3717
Cc1ccc(-c2nc3ccc(Nc4ncnc5ccccc45)cc3[nH]2)cc1	CHEMBL3321895	3717
Cc1ccc(-n2c(=O)c(C(=O)Nc3ccc(Oc4ccnc(N)c4Cl)c(F)c3)cc3ccccc32)cc1	CHEMBL4473908	3717
Cc1ccc(-n2c(=O)c(C(=O)Nc3ccc(Oc4ccnc(N)c4Cl)c(F)c3)cc3ccccc32)cc1C	CHEMBL4552325	3717
Cc1ccc(-n2c(=O)c(C(=O)Nc3ccc(Oc4ccnc(N)c4Cl)c(F)c3)cc3ccccc32)cc1F	CHEMBL4583172	3717
Cc1ccc(C)c(-n2nc(C(=O)Nc3ccc(Oc4ccnc5[nH]ccc45)cc3)c(C)cc2=O)c1	CHEMBL4062885	3717
Cc1ccc(C)c(-n2nc(C(=O)Nc3ccc(Oc4ccnc5c4ccn5C)cc3)c(C)cc2=O)c1	CHEMBL4061741	3717
Cc1ccc(F)c(C(=O)Nc2ccc(Oc3ncnn4cc(OCCN5CCN(C)CC5)c(C)c34)c(F)c2)c1	CHEMBL399920	3717
Cc1ccc(F)c(C(=O)Nc2ccc(Oc3ncnn4cc(OCCN5CCOCC5)c(C)c34)c(F)c2)c1	CHEMBL430026	3717
Cc1ccc(N2CCCC(C(=O)Nc3ccc(Oc4ccnc(N)c4Cl)c(F)c3)S2(=O)=O)cc1	CHEMBL3260952	3717
Cc1ccc(NC(=O)C2(C(=O)Nc3ccc(-c4cccc5[nH]nc(N)c45)c(F)c3)CC2)cc1	CHEMBL3394470	3717
Cc1ccc(NC(=O)C2(C(=O)Nc3ccc(-c4cccc5onc(N)c45)cc3)CC2)cc1	CHEMBL3394447	3717
Cc1ccc(NC(=O)C2(C(=O)Nc3ccc(Oc4ccnc(N)n4)c(F)c3)CC2)cc1	CHEMBL4086090	3717
Cc1ccc(NC(=O)CS(=O)(=O)Nc2ccc(Oc3ccnc(N)c3Cl)c(F)c2)cc1	CHEMBL3260955	3717
Cc1ccc(NS(=O)(=O)CC(=O)Nc2ccc(Oc3ccnc(N)c3Cl)c(F)c2)cc1	CHEMBL3260949	3717
Cc1ccc2c(c1)oc(=O)n2CCOc1ccnc2cc(-c3cnn(C)c3)ccc12	CHEMBL3787612	3717
Cc1ccc2c(c1)oc(=O)n2CCOc1ccnc2cc(NCCCN3CCOCC3)ccc12	CHEMBL3786217	3717
Cc1ccc2c(c1)oc(=O)n2CCOc1ccnc2cc(OCCCCN3CCOCC3)ccc12	CHEMBL3785800	3717
Cc1ccc2c(c1)oc(=O)n2CCOc1ccnc2cc(OCCCN3CCCC3)ccc12	CHEMBL3786574	3717
Cc1ccc2c(c1)oc(=O)n2CCOc1ccnc2cc(OCCCN3CCN(C)CC3)ccc12	CHEMBL3785650	3717
Cc1ccc2c(c1)oc(=O)n2CCOc1ccnc2cc(OCCCN3CCOCC3)ccc12	CHEMBL3787354	3717
Cc1ccc2c(c1)oc(=O)n2CCOc1ccnc2cc(OCCN3CCOCC3)ccc12	CHEMBL3786610	3717
Cc1ccc2ccn(-c3ccc(=O)n(Cc4cccc(NC(=O)OCCCCN(C)C)c4)n3)c2c1	CHEMBL3417495	3717
Cc1cccc(-c2ccnc(C(=O)Nc3ccc(Oc4ccnc5[nH]ccc45)c(F)c3)c2)c1	CHEMBL3754017	3717
Cc1cccc(-c2nc3ccc(Nc4ncnc5ccccc45)cc3[nH]2)c1	CHEMBL3321894	3717
Cc1cccc(-n2c(=O)c(C(=O)Nc3ccc(Oc4ccnc(N)c4Cl)c(F)c3)cc3ccccc32)c1	CHEMBL4455924	3717
Cc1cccc(Nc2ccc(=O)n(Cc3cccc(NC(=O)OCCCCN(C)C)c3)n2)c1	CHEMBL3417461	3717
Cc1ccccc1-n1nc(C(=O)Nc2ccc(Oc3ccnc4[nH]ccc34)c(F)c2)c(C)cc1=O	CHEMBL4078189	3717
Cc1ccccc1-n1nc(C(=O)Nc2ccc(Oc3ccnc4[nH]ccc34)cc2)c(C)cc1=O	CHEMBL4101008	3717
Cc1ccccc1Nc1ccc(=O)n(Cc2cccc(NC(=O)OCCCCN(C)C)c2)n1	CHEMBL3417460	3717
Cc1ccn(-c2ccccc2)c(=O)c1C(=O)Nc1ccc(Oc2ccc3nc(NC(=O)C4CC4)cn3n2)c(F)c1	CHEMBL3093584	3717
Cc1ccn2ncnc(Oc3ccc(NC(=O)CC(=O)Nc4ccc(F)cc4)cc3F)c12	CHEMBL253223	3717
Cc1ccn2ncnc(Oc3ccc(NC(=O)c4ccccc4F)cc3F)c12	CHEMBL399710	3717
Cc1cn(-c2ccc(Cl)cc2)nc(C(=O)Nc2ccc(Oc3ccnc(NC(=O)C4CC4)c3)c(F)c2)c1=O	CHEMBL4757136	3717
Cc1cn(-c2ccc(F)c(Cl)c2)nc(C(=O)Nc2ccc(Oc3ccnc(NC(=O)C4CC4)c3)c(F)c2)c1=O	CHEMBL4777631	3717
Cc1cn(-c2ccc(F)cc2)nc(C(=O)Nc2ccc(Oc3ccnc(NC(=O)C4CC4)c3)c(F)c2)c1=O	CHEMBL4753566	3717
Cc1cn(-c2ccccc2)nc(C(=O)Nc2ccc(Oc3ccnc(NC(=O)C4CC4)c3)c(F)c2)c1=O	CHEMBL4761128	3717
Cc1cn(-c2ccccc2F)nc(C(=O)Nc2ccc(Oc3ccnc(NC(=O)C4CC4)c3)c(F)c2)c1=O	CHEMBL4763073	3717
Cc1cnc(-c2cccc(Cn3nc(-c4cc(F)cc(F)c4)ccc3=O)c2)[nH]1	CHEMBL3402748	3717
Cc1cnc(-c2cccc(Cn3nc(-c4cc(F)cc(F)c4)ccc3=O)c2)nc1	CHEMBL3402754	3717
Cc1cnc(-c2cccc(Cn3nc(-c4cc(F)cc(F)c4)ccc3=O)c2)o1	CHEMBL3402749	3717
Cc1cnc(-c2cccc(Cn3nc(-c4cc(F)cc(F)c4)ccc3=O)c2)s1	CHEMBL3402750	3717
Cc1csc(-c2ccc3nnc(Cc4ccc(O)cc4)n3n2)c1	CHEMBL497118	3717
Cc1csc(-c2cccc(Cn3nc(-c4cc(F)cc(F)c4)ccc3=O)c2)n1	CHEMBL3402751	3717
Cc1nc(-c2cccc(Cn3nc(-c4cc(F)cc(F)c4)ccc3=O)c2)no1	CHEMBL3402746	3717
Cc1nc(NC(=O)NC(=O)Cc2ccc(F)cc2)ccc1Oc1ccnc(-c2cnn(C)c2)c1	CHEMBL5197530	3717
Cc1ncc(-c2cc(F)c3nnc(C(F)(F)c4ccc5ncccc5c4)n3c2)s1	CHEMBL3414737	3717
Cc1nccc(CNS(=O)(=O)Cc2ccc3ccc4ncc(-c5cnn(C)c5)cc4c(=O)c3c2)n1	CHEMBL2323771	3717
Cc1nn2c(Cc3ccc(O)cc3)nnc2nc1N	CHEMBL1822003	3717
Cc1noc(-c2cccc(Cn3nc(-c4cc(F)cc(F)c4)ccc3=O)c2)n1	CHEMBL3402747	3717
Clc1cc(Cl)cc(-c2nc3ccc(Nc4ncnc5ccccc45)cc3[nH]2)c1	CHEMBL3321911	3717
Clc1ccc(-c2cnc3nnc(Cc4ccc5ncccc5c4)n3n2)cc1	CHEMBL3797307	3717
Clc1ccc(-c2cnc3nnc(Cc4ccc5ncccc5c4)n3n2)cc1Cl	CHEMBL3800427	3717
Clc1ccc(-c2nc3ccc(Nc4ncnc5ccccc45)cc3[nH]2)cc1	CHEMBL3321904	3717
Clc1ccc(-c2nc3ccc(Nc4ncnc5ccccc45)cc3[nH]2)cc1Cl	CHEMBL3321910	3717
Clc1cccc(-c2nc3ccc(Nc4ncnc5ccccc45)cc3[nH]2)c1	CHEMBL3321903	3717
Cn1c(=O)c(C(=O)Nc2ccc(Oc3ccnc(NC(=O)C4CC4)c3)c(F)c2)nn(-c2ccc(Cl)cc2)c1=O	CHEMBL4784804	3717
Cn1c(=O)c(C(=O)Nc2ccc(Oc3ccnc(NC(=O)C4CC4)c3)c(F)c2)nn(-c2ccc(F)c(Cl)c2)c1=O	CHEMBL4748401	3717
Cn1c(=O)c(C(=O)Nc2ccc(Oc3ccnc(NC(=O)C4CC4)c3)c(F)c2)nn(-c2ccc(F)cc2)c1=O	CHEMBL4754711	3717
Cn1c(=O)c(C(=O)Nc2ccc(Oc3ccnc(NC(=O)C4CC4)c3)c(F)c2)nn(-c2cccc(Cl)c2)c1=O	CHEMBL4761792	3717
Cn1c(=O)c(C(=O)Nc2ccc(Oc3ccnc(NC(=O)C4CC4)c3)c(F)c2)nn(-c2cccc(F)c2)c1=O	CHEMBL4753671	3717
Cn1c(=O)c(C(=O)Nc2ccc(Oc3ccnc(NC(=O)C4CC4)c3)c(F)c2)nn(-c2ccccc2)c1=O	CHEMBL4755245	3717
Cn1c(=O)c(C(=O)Nc2ccc(Oc3ccnc(NC(=O)C4CC4)c3)c(F)c2)nn(-c2ccccc2F)c1=O	CHEMBL4742744	3717
Cn1c(=O)c(C(=O)Nc2ccc(Oc3ccncc3-c3cccnc3)c(F)c2)nn(-c2c(Cl)cccc2Cl)c1=O	CHEMBL3951223	3717
Cn1c(=O)c(C(=O)Nc2ccc(Oc3ccncc3-c3cccnc3)c(F)c2)nn(-c2ccc(Cl)cc2)c1=O	CHEMBL3942488	3717
Cn1c(=O)c(C(=O)Nc2ccc(Oc3ccncc3-c3cccnc3)c(F)c2)nn(-c2ccc(F)c(Cl)c2)c1=O	CHEMBL3923500	3717
Cn1c(=O)c(C(=O)Nc2ccc(Oc3ccncc3-c3cccnc3)c(F)c2)nn(-c2ccccc2F)c1=O	CHEMBL3941430	3717
Cn1cc(-c2cc(Cl)c3ncc(Cc4ccc5ncccc5c4)n3c2)cn1	CHEMBL3582273	3717
Cn1cc(-c2cc(F)c3ncc(Cc4ccc5ncccc5c4)n3c2)cn1	CHEMBL3582279	3717
Cn1cc(-c2cc(F)c3nnc(C(F)(F)c4ccc5ncccc5c4)n3c2)cn1	CHEMBL3414739	3717
Cn1cc(-c2cc(F)c3nnc(Cc4ccc5nc(N)sc5c4)n3c2)cn1	CHEMBL3414912	3717
Cn1cc(-c2cc(F)c3nnc(Cc4ccc5ncc(O)cc5c4)n3c2)cn1	CHEMBL3414743	3717
Cn1cc(-c2cc(F)c3nnc(Cc4ccc5ncccc5c4)n3c2)cn1	CHEMBL3414741	3717
Cn1cc(-c2cc(F)c3nnc(Cc4ccc5nccnc5c4)n3c2)cn1	CHEMBL3414744	3717
Cn1cc(-c2cc(F)c3nnc(Sc4ccc5ncc6c(c5c4)OCC(=O)N6)n3c2)cn1	CHEMBL3819436	3717
Cn1cc(-c2cc(F)c3nnc(Sc4ccc5ncc6c(c5c4)OCC4CCCN64)n3c2)cn1	CHEMBL3818731_CHEMBL3818743	3717
Cn1cc(-c2cc(F)c3nnc(Sc4ccc5ncc6c(c5c4)OCCN6C(=O)C4CC4)n3c2)cn1	CHEMBL3819608	3717
Cn1cc(-c2cc(Oc3ccc(NC(=O)NC(=O)Cc4ccc(F)cc4)cc3F)ccn2)cn1	CHEMBL5190097	3717
Cn1cc(-c2cc(Oc3ccc(NC(=O)NC(=O)Cc4ccc(F)cc4)nc3)ccn2)cn1	CHEMBL5176985	3717
Cn1cc(-c2cc3nccc(Oc4ccc(NC(=S)NC(=O)Cc5ccccc5)cc4F)c3s2)cn1	CHEMBL402792	3717
Cn1cc(-c2ccc(=O)n(CC3CN(c4ncc(OCC5CCNCC5)cn4)CCO3)n2)cn1	CHEMBL5184459	3717
Cn1cc(-c2ccc(=O)n(Cc3cccc(Nc4ncc(-c5cccnc5)cn4)c3)n2)cn1	CHEMBL3758905	3717
Cn1cc(-c2ccc(=O)n(Cc3cccc(Nc4ncc(-c5cncs5)cn4)c3)n2)cn1	CHEMBL3759319	3717
Cn1cc(-c2ccc(=O)n(Cc3cccc(Nc4ncc(-c5cnn(CCO)c5)cn4)c3)n2)cn1	CHEMBL3759611	3717
Cn1cc(-c2ccc(F)cc2)c(=O)c2c(Nc3ccc(Oc4ccnc(NC(=O)C5CC5)c4)c(F)c3)nccc21	CHEMBL4584949	3717
Cn1cc(-c2ccc(F)cc2)cc(C(=O)Nc2ccc(Oc3ccncc3-c3cccnc3)c(F)c2)c1=O	CHEMBL3899656	3717
Cn1cc(-c2ccc(NC(=O)c3cn(C4CCOCC4)cc(-c4ccc(F)cc4)c3=O)cc2)c2c(N)ncnc21	CHEMBL4855494	3717
Cn1cc(-c2ccc(NC(=O)c3cn(CC4CCCO4)cc(-c4ccc(F)cc4)c3=O)cc2)c2c(N)ncnc21	CHEMBL4865357	3717
Cn1cc(-c2ccc(NC(=O)c3cn(CC4CCOCC4)cc(-c4ccccc4)c3=O)cc2)c2c(N)ncnc21	CHEMBL4871620	3717
Cn1cc(-c2ccc3c(OCCn4c(=O)oc5cc(-c6cnn(C)c6)ccc54)ccnc3c2)cn1	CHEMBL3786898	3717
Cn1cc(-c2ccc3cnn(Cc4ccc5ncccc5c4)c3c2)cn1	CHEMBL2402840	3717
Cn1cc(-c2ccc3ncc(Cc4ccc5ncccc5c4)n3n2)cn1	CHEMBL1738731	3717
Cn1cc(-c2ccc3nnc(C(F)(F)c4ccc5ncccc5c4)n3n2)cn1	CHEMBL2133806	3717
Cn1cc(-c2ccc3nnc(Cc4ccc5ncccc5c4)n3n2)cn1	CHEMBL2431841	3717
Cn1cc(-c2ccc3nnc(Sc4ccc5ncc6c(c5c4)OCC(=O)N6)n3c2)cn1	CHEMBL3818738	3717
Cn1cc(-c2ccc3nnc(Sc4ccc5ncccc5c4)n3n2)cn1	CHEMBL1236107	3717
Cn1cc(-c2cnc(N)c(C(=O)NCc3c(F)ccc(Cl)c3Cl)c2)cn1	CHEMBL2071393	3717
Cn1cc(-c2cnc(N)c(C(=O)NCc3c(F)ccc(Cl)c3F)c2)cn1	CHEMBL2071391	3717
Cn1cc(-c2cnc(N)c(C(=O)NCc3c(F)ccc(F)c3Cl)c2)cn1	CHEMBL2071392	3717
Cn1cc(-c2cnc(N)c(C(=O)NCc3c(F)cccc3Cl)c2)cn1	CHEMBL2071390	3717
Cn1cc(-c2cnc(N)c(C(=O)NCc3cc(F)cc(F)c3)c2)cn1	CHEMBL2071388	3717
Cn1cc(-c2cnc(N)c(C(=O)NCc3cc(F)ccc3F)c2)cn1	CHEMBL2071387	3717
Cn1cc(-c2cnc(N)c(C(=O)NCc3ccc(F)c(F)c3)c2)cn1	CHEMBL2071389	3717
Cn1cc(-c2cnc(N)c(C(=O)NCc3ccc(F)cc3F)c2)cn1	CHEMBL2071386	3717
Cn1cc(-c2cnc(N)c(C(=O)NCc3cccc(F)c3F)c2)cn1	CHEMBL2071385	3717
Cn1cc(-c2cnc(N3CCOC(Cn4nc(-c5ccc(OCc6ccccc6)cc5)ccc4=O)C3)nc2)cn1	CHEMBL3335759	3717
Cn1cc(-c2cnc(N3CCOC(Cn4nc(-c5cccc(C#N)c5)ccc4=O)C3)nc2)cn1	CHEMBL3335773	3717
Cn1cc(-c2cnc(Nc3cccc(Cn4nc(-c5ccc(C(=O)O)c(F)c5)ccc4=O)c3)nc2)cn1	CHEMBL3758926	3717
Cn1cc(-c2cnc(Nc3cccc(Cn4nc(-c5ccc(Cl)c(C(F)(F)F)c5)ccc4=O)c3)nc2)cn1	CHEMBL3758452	3717
Cn1cc(-c2cnc(Nc3cccc(Cn4nc(-c5ccc(S(C)(=O)=O)cc5)ccc4=O)c3)nc2)cn1	CHEMBL3758564	3717
Cn1cc(-c2cnc(Nc3cccc(Cn4nc(-c5cccc(C#N)c5)ccc4=O)c3)nc2)cn1	CHEMBL3759100	3717
Cn1cc(-c2cnc(Nc3cccc(Cn4nc(-c5cccc(C(=O)O)c5)ccc4=O)c3)nc2)cn1	CHEMBL3759229	3717
Cn1cc(-c2cnc(Nc3cccc(Cn4nc(-c5cccc(S(C)(=O)=O)c5)ccc4=O)c3)nc2)cn1	CHEMBL3758647	3717
Cn1cc(-c2cnc(Nc3cccc(Cn4nc(-c5cccnc5)ccc4=O)c3)nc2)cn1	CHEMBL3760077	3717
Cn1cc(-c2cnc(Nc3cccc(Cn4nc(-c5ccncc5)ccc4=O)c3)nc2)cn1	CHEMBL3758780	3717
Cn1cc(-c2cnc(Nc3cccc(Cn4nc(-c5cnn(C)c5)ccc4=O)c3)nc2)cn1	CHEMBL3759079	3717
Cn1cc(-c2cnc(Nc3cccc(Cn4nc(-c5cnn(CCO)c5)ccc4=O)c3)nc2)cn1	CHEMBL3758752	3717
Cn1cc(-c2cnc3ccc4ccc(C(O)C(N)=O)cc4c(=O)c3c2)cn1	CHEMBL2324117	3717
Cn1cc(-c2cnc3ccc4ccc(CC(=O)NCc5ccccc5)cc4c(=O)c3c2)cn1	CHEMBL2324113	3717
Cn1cc(-c2cnc3ccc4ccc(CC(=O)NCc5ccccn5)cc4c(=O)c3c2)cn1	CHEMBL2324115	3717
Cn1cc(-c2cnc3ccc4ccc(CC(=O)Nc5ccccc5)cc4c(=O)c3c2)cn1	CHEMBL2324112	3717
Cn1cc(-c2cnc3ccc4ccc(CC(N)=O)cc4c(=O)c3c2)cn1	CHEMBL2324129	3717
Cn1cc(-c2cnc3ccc4ccc(CS(=O)(=O)CCc5ccccn5)cc4c(=O)c3c2)cn1	CHEMBL2323780	3717
Cn1cc(-c2cnc3ccc4ccc(CS(=O)(=O)NC5CCCCC5)cc4c(=O)c3c2)cn1	CHEMBL2323782	3717
Cn1cc(-c2cnc3ccc4ccc(CS(=O)(=O)NC5CCCCC5N)cc4c(=O)c3c2)cn1	CHEMBL2324123_CHEMBL2324124	3717
Cn1cc(-c2cnc3ccc4ccc(CS(=O)(=O)NCC5CCCCN5)cc4c(=O)c3c2)cn1	CHEMBL2323778	3717
Cn1cc(-c2cnc3ccc4ccc(CS(=O)(=O)NCC5COCCO5)cc4c(=O)c3c2)cn1	CHEMBL2324122	3717
Cn1cc(-c2cnc3ccc4ccc(CS(=O)(=O)NCCc5ccccn5)cc4c(=O)c3c2)cn1	CHEMBL2323779	3717
Cn1cc(-c2cnc3ccc4ccc(CS(=O)(=O)NCc5ccc(F)cc5F)cc4c(=O)c3c2)cn1	CHEMBL2324128	3717
Cn1cc(-c2cnc3ccc4ccc(CS(=O)(=O)NCc5cccc[n+]5[O-])cc4c(=O)c3c2)cn1	CHEMBL2323777	3717
Cn1cc(-c2cnc3ccc4ccc(CS(=O)(=O)NCc5ccccc5)cc4c(=O)c3c2)cn1	CHEMBL2324126	3717
Cn1cc(-c2cnc3ccc4ccc(CS(=O)(=O)NCc5ccccc5Cl)cc4c(=O)c3c2)cn1	CHEMBL2323769	3717
Cn1cc(-c2cnc3ccc4ccc(CS(=O)(=O)NCc5ccccn5)cc4c(=O)c3c2)cn1	CHEMBL2323775	3717
Cn1cc(-c2cnc3ccc4ccc(CS(=O)(=O)NCc5cccnc5)cc4c(=O)c3c2)cn1	CHEMBL2323773	3717
Cn1cc(-c2cnc3ccc4ccc(CS(=O)(=O)NCc5cccnn5)cc4c(=O)c3c2)cn1	CHEMBL2323770	3717
Cn1cc(-c2cnc3ccc4ccc(CS(=O)(=O)NCc5ccncc5)cc4c(=O)c3c2)cn1	CHEMBL2323774	3717
Cn1cc(-c2cnc3ccc4ccc(CS(=O)(=O)NCc5cnsc5)cc4c(=O)c3c2)cn1	CHEMBL2323772	3717
Cn1cc(-c2cnc3ccc4ccc(CS(=O)(=O)Nc5ccccc5)cc4c(=O)c3c2)cn1	CHEMBL2324125	3717
Cn1cc(-c2cnc3ccc4ccc(CS(N)(=O)=O)cc4c(=O)c3c2)cn1	CHEMBL2324118	3717
Cn1cc(-c2cnc3ccc4ccc(N)c(Cl)c4c(=O)c3c2)cn1	CHEMBL1802604	3717
Cn1cc(-c2cnc3ccc4ccc(N)cc4c(=O)c3c2)cn1	CHEMBL1802603	3717
Cn1cc(-c2cnc3ccc4ccc(NS(=O)(=O)C(C)(C)C)cc4c(=O)c3c2)cn1	CHEMBL1802826	3717
Cn1cc(-c2cnc3ccc4ccc(NS(=O)(=O)C(F)(F)F)cc4c(=O)c3c2)cn1	CHEMBL1802827	3717
Cn1cc(-c2cnc3ccc4ccc(NS(=O)(=O)CCn5ccnc5)cc4c(=O)c3c2)cn1	CHEMBL1802828	3717
Cn1cc(-c2cnc3ccc4ccc(NS(=O)(=O)N5CC(F)C5)cc4c(=O)c3c2)cn1	CHEMBL1802912	3717
Cn1cc(-c2cnc3ccc4ccc(NS(=O)(=O)N5CCC5)cc4c(=O)c3c2)cn1	CHEMBL1802911	3717
Cn1cc(-c2cnc3ccc4ccc(NS(=O)(=O)N5CCOCC5)cc4c(=O)c3c2)cn1	CHEMBL1800104	3717
Cn1cc(-c2cnc3ccc4ccc(NS(C)(=O)=O)cc4c(=O)c3c2)cn1	CHEMBL1802602	3717
Cn1cc(-c2cnc3ccc4ccc(NS(N)(=O)=O)cc4c(=O)c3c2)cn1	CHEMBL1802906	3717
Cn1cc(-c2cnc3ccc4ccc(O)cc4c(=O)c3c2)cn1	CHEMBL1802606	3717
Cn1cc(-c2cnc3ncn(Cc4ccc5ncccc5c4)c3n2)cn1	CHEMBL3334553	3717
Cn1cc(-c2cnc3nnc(C(F)(F)c4ccc5ncccc5c4)n3n2)cn1	CHEMBL3800420	3717
Cn1cc(-c2cnc3nnc(Cc4ccc5ncccc5c4)n3n2)cn1	CHEMBL3797914	3717
Cn1cc(-c2cnc3nnn(Cc4cc5[nH]ncc5s4)c3n2)cn1	CHEMBL3334541	3717
Cn1cc(-c2cnc3nnn(Cc4cc5cccnc5s4)c3n2)cn1	CHEMBL3334559	3717
Cn1cc(-c2cnc3nnn(Cc4cc5cnccc5s4)c3n2)cn1	CHEMBL3334560	3717
Cn1cc(-c2cnc3nnn(Cc4ccc5ncccc5c4)c3n2)cn1	CHEMBL2170816	3717
Cn1cc(-c2cnc3nnn(Cc4ccc5nccn5c4)c3n2)cn1	CHEMBL3334542	3717
Cn1cc(-c2cnc3nnn(Cc4ccc5nccn5n4)c3n2)cn1	CHEMBL3334545	3717
Cn1cc(-c2cnc3nnn(Cc4ccc5ncnn5c4)c3n2)cn1	CHEMBL3334544	3717
Cn1cc(-c2cnc3nnn(Cc4ccn5nccc5c4)c3n2)cn1	CHEMBL3334546	3717
Cn1cc(-c2cnc3nnn(Cc4ccn5nccc5n4)c3n2)cn1	CHEMBL3334547	3717
Cn1cc(-c2cnc3nnn(Cc4ccn5ncnc5c4)c3n2)cn1	CHEMBL3334548	3717
Cn1cc(-c2cnc3nnn(Cc4cn5ccnc5cn4)c3n2)cn1	CHEMBL3334543	3717
Cn1cc(-c2cnc3nnn(Cc4csc5ncccc45)c3n2)cn1	CHEMBL3334558	3717
Cn1cc(-c2cnc3nnn(Cc4n[nH]c5ncccc45)c3n2)cn1	CHEMBL3334557	3717
Cn1cc(-c2nn3c(Cc4ccc(OCC(=O)N5CCOCC5)cc4)nnc3s2)cn1	CHEMBL4161526	3717
Cn1cc(C(=O)Nc2ccc(-c3cn(C)c4ncnc(N)c34)cc2)c(=O)c(-c2ccc(F)cc2)c1	CHEMBL4858746	3717
Cn1cc(C(=O)Nc2ccc(Oc3ccnc4[nH]ccc34)c(F)c2)c(=O)c(-c2ccc(F)cc2)c1	CHEMBL454357	3717
Cn1cc(S(=O)(=O)c2cccc([N+](=O)[O-])c2)c2cccnc21	CHEMBL561461	3717
Cn1ccc2c(Oc3ccc(NC(=O)c4cc5cccnc5n(-c5ccc(Cl)cc5)c4=O)cc3F)ccnc21	CHEMBL4282001	3717
Cn1ccc2c(Oc3ccc(NC(=O)c4cc5cccnc5n(-c5ccc(Cl)cc5)c4=O)cc3F)ncnc21	CHEMBL4760403	3717
Cn1ccc2c(Oc3ccc(NC(=O)c4cc5cccnc5n(-c5ccc(F)cc5)c4=O)cc3)ccnc21	CHEMBL4293054	3717
Cn1ccc2c(Oc3ccc(NC(=O)c4cc5cccnc5n(-c5ccc(F)cc5)c4=O)cc3F)ccnc21	CHEMBL4289873	3717
Cn1ccc2c(Oc3ccc(NC(=O)c4cc5cccnc5n(-c5ccc(F)cc5)c4=O)cc3F)ncnc21	CHEMBL4761751	3717
Cn1ccc2c(Oc3ccc(NC(=O)c4cn(-c5ccc(Cl)cc5)c5ccccc5c4=O)cc3F)ccnc21	CHEMBL4642222	3717
Cn1cccc1-c1cc2nccc(Oc3ccc(NC(=S)NC(=O)Cc4ccccc4)cc3F)c2s1	CHEMBL258185	3717
Cn1ccnc1-c1cc2c(Oc3ccc(NC(=S)NC(=O)Cc4ccccc4)cc3F)ccnc2s1	CHEMBL3764474	3717
Cn1ccnc1-c1cc2nccc(Oc3ccc(NC(=O)N4CCN(c5ccccc5)C4=O)cc3F)c2s1	CHEMBL510676	3717
Cn1ccnc1-c1cc2nccc(Oc3ccc(NC(=O)NC(=O)c4c(F)cccc4F)nc3)c2s1	CHEMBL1822800	3717
Cn1ccnc1-c1cc2nccc(Oc3ccc(NC(=S)NC(=O)Cc4ccccc4)cc3F)c2s1	CHEMBL258240	3717
Cn1cnc(-c2cc3cccc(Oc4ccc(NC(=S)NC(=O)Cc5ccccc5)cc4F)c3s2)c1	CHEMBL1823124	3717
Cn1cnc(-c2cc3nccc(Oc4ccc(N5CC=Cc6c(cnn6-c6ccccc6)C5=O)cc4F)c3s2)c1	CHEMBL3609805	3717
Cn1cnc(-c2cc3nccc(Oc4ccc(N5CCCc6c(cnn6-c6ccccc6)C5=O)cc4F)c3s2)c1	CHEMBL3609807	3717
Cn1cnc(-c2cc3nccc(Oc4ccc(N5CCc6c(cnn6-c6ccccc6)C5=O)cc4F)c3s2)c1	CHEMBL3609808	3717
Cn1cnc(-c2cc3nccc(Oc4ccc(NC(=O)C5(C(=O)Nc6ccccc6)CC5)cc4F)c3s2)c1	CHEMBL465131	3717
Cn1cnc(-c2cc3nccc(Oc4ccc(NC(=O)C5(C)CCN(c6ccccc6)C5=O)cc4F)c3s2)c1	CHEMBL462231	3717
Cn1cnc(-c2cc3nccc(Oc4ccc(NC(=O)C5CCN(c6ccccc6)C5=O)cc4F)c3s2)c1	CHEMBL518209	3717
Cn1cnc(-c2cc3nccc(Oc4ccc(NC(=O)CC(=O)Nc5ccccc5)cc4F)c3s2)c1	CHEMBL464510	3717
Cn1cnc(-c2cc3nccc(Oc4ccc(NC(=O)N5CCN(c6ccccc6)C5=O)cc4F)c3s2)c1	CHEMBL462232	3717
Cn1cnc(-c2cc3nccc(Oc4ccc(NC(=O)N5CCN(c6ccccc6)C5=S)cc4F)c3s2)c1	CHEMBL464409	3717
Cn1cnc(-c2cc3nccc(Oc4ccc(NC(=O)NC(=O)Cc5ccccc5)cc4F)c3s2)c1	CHEMBL490965	3717
Cn1cnc(-c2cc3nccc(Oc4ccc(NC(=S)N5CCN(c6ccccc6)C5=O)cc4F)c3s2)c1	CHEMBL518676	3717
Cn1cnc(-c2cc3nccc(Oc4ccc(NC(=S)NC(=O)Cc5ccccc5)cc4F)c3s2)c1	CHEMBL254760	3717
Cn1cnc(S(=O)(=O)Nc2ccc3ccc4ncc(-c5cnn(C)c5)cc4c(=O)c3c2)c1	CHEMBL1802825	3717
Cn1ncnc1-c1cc2nccc(Oc3ccc(NC(=S)NC(=O)Cc4ccccc4)cc3F)c2s1	CHEMBL258396	3717
FC(F)(F)Cn1cc(-c2cnc3nnn(Cc4ccc5nccn5c4)c3n2)cn1	CHEMBL3334540	3717
FC(F)(F)Cn1cc(-c2cnc3nnn(Cc4ccn5nccc5c4)c3n2)cn1	CHEMBL3334561	3717
FC(F)(F)Cn1cc(-c2cnc3nnn(Cc4n[nH]c5ncccc45)c3n2)cn1	CHEMBL3334552	3717
FC(F)(c1ccc2ncccc2c1)c1nnc2ncc(-c3ccccc3)nn12	CHEMBL3800061	3717
FC(F)(c1ccc2ncccc2c1)c1nnc2ncc(-c3ccco3)nn12	CHEMBL3798905	3717
FC(F)(c1ccc2ncccc2c1)c1nnc2ncc(-c3cccs3)nn12	CHEMBL3797871	3717
Fc1cc(-c2ccc(N3CCOCC3)nc2)cn2c(Cc3ccc4ncccc4c3)cnc12	CHEMBL3582284	3717
Fc1cc(-c2ccccc2)cn2c(C(F)(F)c3ccc4ncccc4c3)nnc12	CHEMBL3414734	3717
Fc1cc(-c2ccccc2)cn2c(Cc3ccc4ncccc4c3)nnc12	CHEMBL3414733	3717
Fc1cc(-c2ccccn2)cn2c(C(F)(F)c3ccc4ncccc4c3)nnc12	CHEMBL3414735	3717
Fc1cc(-c2ccsc2)cn2c(Cc3ccc4ncccc4c3)cnc12	CHEMBL3582282	3717
Fc1cc(-c2cnn(C3CC3)c2)cn2c(C(F)(F)c3ccc4ncccc4c3)nnc12	CHEMBL3414740	3717
Fc1cc(-c2cnn(C3CCNCC3)c2)cn2c(Cc3ccc4ncccc4c3)cnc12	CHEMBL3582281	3717
Fc1cc(-c2cscn2)cn2c(C(F)(F)c3ccc4ncccc4c3)nnc12	CHEMBL3414738	3717
Fc1cc(F)cc(-c2cc(F)c3ncc(Cc4ccc5ncccc5c4)n3c2)c1	CHEMBL3582286	3717
Fc1cc(Nc2cc(Nc3cccc(Cl)c3)ncn2)ccc1Oc1ccncc1-c1cccnc1	CHEMBL3959949	3717
Fc1cc(Nc2cc(Nc3ccccc3)ncn2)ccc1Oc1ccncc1-c1cccnc1	CHEMBL3980971	3717
Fc1ccc(-c2ccc3nnc(Sc4ccc5nc(NCCN6CCOCC6)sc5c4)n3n2)cc1	CHEMBL4455032	3717
Fc1ccc(-c2cnc3nnc(C(F)(F)c4ccc5ncccc5c4)n3n2)cc1	CHEMBL3797579	3717
Fc1ccc(-c2cnc3nnn(Cc4ccc5nccn5c4)c3n2)cc1	CHEMBL3334565	3717
Fc1ccc(-c2cnc3nnn(Cc4n[nH]c5ncccc45)c3n2)cc1	CHEMBL3334564	3717
Fc1ccc(-c2nc3ccc(Nc4ncnc5ccccc45)cc3[nH]2)cc1	CHEMBL3321901	3717
Fc1ccc(Br)c(-c2nc3ccc(Nc4ncnc5ccccc45)cc3[nH]2)c1	CHEMBL3321912	3717
Fc1ccc(Cc2nnc3ncc(-c4ccc(Br)cc4)nn23)cc1	CHEMBL1822001	3717
Fc1ccc(Cc2nnc3ncc(-c4ccccc4)nn23)cc1	CHEMBL1822975	3717
Fc1ccc(Cc2nnc3ncc(-c4cccs4)nn23)cc1	CHEMBL1823126	3717
Fc1ccc(Cn2nnc3ncc(-c4cc5ccccc5[nH]4)nc32)cc1	CHEMBL1822380	3717
Fc1ccc(Cn2nnc3ncc(-c4ccc(OCCN5CCOCC5)cc4)nc32)cc1	CHEMBL1823254	3717
Fc1ccc(Cn2nnc3ncc(-c4cccc(OCCN5CCOCC5)c4)nc32)cc1	CHEMBL1822379	3717
Fc1ccc(Cn2nnc3ncc(-c4cccs4)nc32)cc1	CHEMBL1822378	3717
Fc1ccc(Nc2cc(Nc3ccc(Oc4ccncc4-c4cccnc4)c(F)c3)ncn2)cc1F	CHEMBL3945597	3717
Fc1cccc(-c2nc3ccc(Nc4ncnc5ccccc45)cc3[nH]2)c1	CHEMBL3321900	3717
Fc1cccc(Cn2ncc3cc(Nc4ncnn5ccc(COCC6CNCCO6)c45)ccc32)c1	CHEMBL246284_CHEMBL428046	3717
Fc1ccccc1-c1cn2c(COc3ccc4c(c3)OCO4)nnc2s1	CHEMBL4173269	3717
Fc1ccccc1-c1nc2ccc(Nc3ncnc4ccccc34)cc2[nH]1	CHEMBL3321899	3717
N#Cc1ccc(-c2cc(F)c3ncc(Cc4ccc5ncccc5c4)n3c2)cc1F	CHEMBL3582287	3717
N#Cc1ccc(-c2cc(F)c3ncc(Cc4ccc5ncccc5c4)n3c2)cn1	CHEMBL3582283	3717
N#Cc1ccc(-c2cnc3nnn(Cc4ccc5nccn5c4)c3n2)cn1	CHEMBL3334563	3717
N#Cc1ccc(-c2cnc3nnn(Cc4n[nH]c5ncccc45)c3n2)cn1	CHEMBL3334562	3717
N#Cc1ccc2[nH]c(-c3ccnc(N)c3)c(-c3ccc(F)c(Cl)c3)c2n1	CHEMBL522155	3717
N#Cc1ccc2[nH]c(-c3ccnc(NCc4ccccc4)c3)c(-c3ccc(F)c(Cl)c3)c2n1	CHEMBL492705	3717
N#Cc1ccc2[nH]c(-c3ccncc3)c(-c3cc(Cl)cc(Cl)c3)c2n1	CHEMBL510973	3717
N#Cc1ccc2[nH]c(-c3ccncc3)c(-c3cc(F)cc(Cl)c3)c2n1	CHEMBL493511	3717
N#Cc1ccc2[nH]c(-c3ccncc3)c(-c3ccc(Cl)cc3)c2n1	CHEMBL492912	3717
N#Cc1ccc2[nH]c(-c3ccncc3)c(-c3ccc(F)c(Cl)c3)c2n1	CHEMBL521639	3717
N#Cc1ccc2[nH]c(-c3ccncc3)c(-c3ccc(F)c(F)c3)c2n1	CHEMBL524181	3717
N#Cc1ccc2[nH]c(-c3ccncc3)c(-c3ccc(F)cc3)c2n1	CHEMBL492761	3717
N#Cc1ccc2[nH]c(-c3ccncc3)c(-c3cccc(Cl)c3)c2n1	CHEMBL493519	3717
N#Cc1ccc2[nH]c(-c3ccncc3)c(-c3ccccc3)c2n1	CHEMBL492760	3717
N#Cc1ccc2[nH]c(-c3cncnc3)c(-c3ccc(F)cc3)c2n1	CHEMBL493313	3717
N#Cc1cccc(-c2cc(F)c3ncc(Cc4ccc5ncccc5c4)n3c2)c1	CHEMBL3582285	3717
N#Cc1cccc(-c2ccc(=O)n(CC3CN(c4ncc(-c5ccnc(F)c5)cn4)CCO3)n2)c1	CHEMBL3335784	3717
N#Cc1cccc(-c2ccc(=O)n(CC3CN(c4ncc(-c5cnn(C6CCNCC6)c5)cn4)CCO3)n2)c1	CHEMBL3335760	3717
N#Cc1cccc(-c2ccc(=O)n(CC3CN(c4ncc(-c5cnn(CC6CCNCC6)c5)cn4)CCO3)n2)c1	CHEMBL3335777	3717
N#Cc1cccc(-c2ccc(=O)n(CC3CN(c4ncc(-c5cnn(CCO)c5)cn4)CCO3)n2)c1	CHEMBL3335775	3717
N#Cc1cccc(-c2ccc(=O)n(CC3CN(c4ncc(C5=CCN(CCO)CC5)cn4)CCO3)n2)c1	CHEMBL3335781	3717
N#Cc1cccc(-c2ccc(=O)n(CC3CN(c4ncc(C5=CCNCC5)cn4)CCO3)n2)c1	CHEMBL3335779	3717
N#Cc1cccc(-c2ccc(=O)n(Cc3cccc(-c4ncc(OCCN5CCOCC5)cn4)c3)n2)c1	CHEMBL3402761	3717
NC(=O)c1cc2nccc(Oc3ccc(NC(=S)NC(=O)Cc4ccccc4)cc3F)c2s1	CHEMBL256974	3717
NC(=O)c1ccc(-n2cccc(C(=O)Nc3ccc(Oc4ccnc5[nH]ccc45)c(F)c3)c2=O)cc1	CHEMBL452306	3717
NC(=O)c1cnc2ccn(S(=O)(=O)c3ccccc3[N+](=O)[O-])c2c1	CHEMBL561660	3717
NC(=O)c1nccc(Oc2ccc(NC(=O)C3(C(=O)Nc4ccc(F)cc4)CC3)cc2F)c1Cl	CHEMBL4098613	3717
NC1CCC(=Cc2ccn3ncnc(Oc4ccc(NC(=O)NC(=O)Cc5ccc(F)cc5)cc4F)c23)CC1	CHEMBL254086	3717
NC1CCN(Cc2ccn3ncnc(Oc4ccc(NC(=O)NC(=O)Cc5ccc(F)cc5)cc4F)c23)C1	CHEMBL253657_CHEMBL428944	3717
NC1CCN(Cc2ccn3ncnc(Oc4ccc(NC(=O)NC(=O)Cc5ccc(F)cc5)cc4F)c23)CC1	CHEMBL253881	3717
NC1CCN(Cc2ccn3ncnc(Oc4ccc(NC(=O)NC(=O)Cc5ccc(F)cc5)cc4F)c23)CC1O	CHEMBL254085	3717
NCC#Cc1c(Oc2ccc(NC(=O)NC(=O)Cc3ccc(F)cc3)cc2F)ccnc1N	CHEMBL526929	3717
NCC#Cc1c(Oc2ccc(NC(=O)c3cccn(-c4ccc(F)cc4)c3=O)cc2F)ccnc1N	CHEMBL460502	3717
NCC(=O)N1CCN(c2cnc3cc(C(F)(F)F)cc(NCc4cccc([N+](=O)[O-])c4)c3c2)CC1	CHEMBL3220877	3717
NCC1CCN(Cc2ccn3ncnc(Oc4ccc(NC(=O)NC(=O)Cc5ccc(F)cc5)cc4F)c23)CC1	CHEMBL430027	3717
NCC1CN(Cc2ccn3ncnc(Oc4ccc(NC(=O)NC(=O)Cc5ccc(F)cc5)cc4F)c23)C1	CHEMBL400726	3717
NCCCNCc1ccn2ncnc(Oc3ccc(NC(=O)NC(=O)Cc4ccc(F)cc4)cc3F)c12	CHEMBL252214	3717
Nc1cc(Oc2ccc(NC(=O)C3(C(=O)Nc4ccc(Cl)cc4)CC3)cc2F)ncn1	CHEMBL4088444	3717
Nc1cc(Oc2ccc(NC(=O)C3(C(=O)Nc4ccc(F)cc4)CC3)cc2F)ncn1	CHEMBL4080577	3717
Nc1cc(Oc2ccc(NC(=O)C3(C(=O)Nc4cccc(F)c4)CC3)cc2F)ncn1	CHEMBL4096166	3717
Nc1cc(Oc2ccc(NC(=O)CC(=O)Nc3ccc(F)cc3)cc2F)ccn1	CHEMBL499618	3717
Nc1cc(Oc2ccc(NC(=O)NC(=O)Cc3ccc(F)cc3)cc2F)ccn1	CHEMBL527066	3717
Nc1cc(Oc2ccc(NC(=O)c3cccn(-c4ccc(F)cc4)c3=O)cc2F)ccn1	CHEMBL516790	3717
Nc1cccc(S(=O)(=O)n2ccc3ncccc32)c1	CHEMBL561180	3717
Nc1cccc2ccc3ncc(-c4ccccc4)cc3c(=O)c12	CHEMBL1803009	3717
Nc1cnc2ccn(S(=O)(=O)c3c(Cl)nc4sccn34)c2c1	CHEMBL558306	3717
Nc1cnc2ccn(S(=O)(=O)c3cccc4nonc34)c2c1	CHEMBL562063	3717
Nc1n[nH]c2cccc(-c3ccc(NC(=O)C4(C(=O)Nc5ccc(Cl)cc5)CC4)cc3F)c12	CHEMBL3394471	3717
Nc1n[nH]c2cccc(-c3ccc(NC(=O)C4(C(=O)Nc5ccc(F)c(C(F)(F)F)c5)CC4)cc3)c12	CHEMBL3394475	3717
Nc1n[nH]c2cccc(-c3ccc(NC(=O)C4(C(=O)Nc5ccc(F)cc5)CC4)c(F)c3)c12	CHEMBL3394476	3717
Nc1n[nH]c2cccc(-c3ccc(NC(=O)C4(C(=O)Nc5ccc(F)cc5)CC4)cc3)c12	CHEMBL3394472	3717
Nc1n[nH]c2cccc(-c3ccc(NC(=O)C4(C(=O)Nc5ccc(F)cc5)CC4)cc3F)c12	CHEMBL3394469	3717
Nc1n[nH]c2cccc(-c3ccc(NC(=O)C4(C(=O)Nc5ccc(F)cc5F)CC4)cc3)c12	CHEMBL3394474	3717
Nc1n[nH]c2cccc(-c3ccc(NC(=S)Nc4cc(Br)ccc4OC(F)(F)F)cc3)c12	CHEMBL4160854	3717
Nc1nc(-c2c[nH]c3nccc(Oc4ccc(NC(=O)NC(=O)Cc5ccc(F)cc5)cc4F)c23)cs1	CHEMBL502283	3717
Nc1nc(-c2ccc(Br)cc2)cc(-c2cn(Cc3cccc(Cl)c3)c3ccccc23)n1	CHEMBL5203758	3717
Nc1nc2ccc(Sc3nnc4ccc(-c5ccc(F)cc5)nn34)cc2s1	CHEMBL4448029	3717
Nc1ncc(-c2cnn(C3CCNCC3)c2)cc1-c1nc2ccc(N3CCCC3)cc2o1	CHEMBL3093151	3717
Nc1ncc(-c2cnn(CC(=O)N3CCOCC3)c2)c2scc(-c3ccc(Oc4ccccc4)cc3)c12	CHEMBL3612840	3717
Nc1nccc(Oc2ccc(-n3cc(C(=O)NCc4ccc(F)cc4)ccc3=O)cc2F)c1C#CCO	CHEMBL3309959	3717
Nc1nccc(Oc2ccc(-n3cc(C(=O)NCc4ccc(F)cc4)ccc3=O)cc2F)c1Cl	CHEMBL3309474	3717
Nc1nccc(Oc2ccc(-n3cc(C(=O)NCc4ccc(F)cc4)ccc3=O)cc2F)c1I	CHEMBL3309475	3717
Nc1nccc(Oc2ccc(NC(=O)C3(C(=O)NCc4ccc(F)cc4)CC3)cc2F)c1Cl	CHEMBL4078720	3717
Nc1nccc(Oc2ccc(NC(=O)C3(C(=O)Nc4ccc(Cl)cc4)CC3)cc2F)c1Cl	CHEMBL4076054	3717
Nc1nccc(Oc2ccc(NC(=O)C3(C(=O)Nc4ccc(Cl)cc4)CC3)cc2F)n1	CHEMBL4096249	3717
Nc1nccc(Oc2ccc(NC(=O)C3(C(=O)Nc4ccc(F)cc4)CC3)cc2F)c1Cl	CHEMBL4104302	3717
Nc1nccc(Oc2ccc(NC(=O)C3(C(=O)Nc4ccc(F)cc4)CC3)cc2F)n1	CHEMBL4079666	3717
Nc1nccc(Oc2ccc(NC(=O)C3(C(=O)Nc4cccc(F)c4)CC3)cc2F)c1Cl	CHEMBL4067036	3717
Nc1nccc(Oc2ccc(NC(=O)C3(C(=O)Nc4cccc(F)c4)CC3)cc2F)n1	CHEMBL4104011	3717
Nc1nccc(Oc2ccc(NC(=O)C3(Cl)CCCN(c4ccc(F)cc4)C3=O)cc2F)c1Cl	CHEMBL3260961	3717
Nc1nccc(Oc2ccc(NC(=O)C3CCCN(c4ccc(F)cc4)C3=O)cc2F)c1Cl	CHEMBL3260960	3717
Nc1nccc(Oc2ccc(NC(=O)C3CCCN(c4ccc(F)cc4)S3(=O)=O)cc2F)c1Cl	CHEMBL3260953	3717
Nc1nccc(Oc2ccc(NC(=O)C3CCCN(c4ccccc4)S3(=O)=O)cc2F)c1Cl	CHEMBL3260951	3717
Nc1nccc(Oc2ccc(NC(=O)CS(=O)(=O)Nc3ccc(F)cc3)cc2F)c1Cl	CHEMBL3260950	3717
Nc1nccc(Oc2ccc(NC(=O)CS(=O)(=O)Nc3ccccc3)cc2F)c1Cl	CHEMBL3260948	3717
Nc1nccc(Oc2ccc(NC(=O)NC(=O)Cc3ccc(F)cc3)cc2F)c1C#CCO	CHEMBL500157	3717
Nc1nccc(Oc2ccc(NC(=O)NC(=O)Cc3ccc(F)cc3)cc2F)c1C#Cc1ccccn1	CHEMBL500422	3717
Nc1nccc(Oc2ccc(NC(=O)c3c(OCCO)ccn(-c4ccc(F)cc4)c3=O)cc2F)c1Cl	CHEMBL461583	3717
Nc1nccc(Oc2ccc(NC(=O)c3c[nH]cc(-c4ccc(F)cc4)c3=O)cc2F)c1Cl	CHEMBL2143592	3717
Nc1nccc(Oc2ccc(NC(=O)c3cc4ccccc4n(-c4cc(Cl)cc(Cl)c4)c3=O)cc2F)c1Cl	CHEMBL4458142	3717
Nc1nccc(Oc2ccc(NC(=O)c3cc4ccccc4n(-c4cc(F)cc(F)c4)c3=O)cc2F)c1Cl	CHEMBL4528003	3717
Nc1nccc(Oc2ccc(NC(=O)c3cc4ccccc4n(-c4ccc(Cl)c(Cl)c4)c3=O)cc2F)c1Cl	CHEMBL4476854	3717
Nc1nccc(Oc2ccc(NC(=O)c3cc4ccccc4n(-c4ccc(Cl)cc4)c3=O)cc2F)c1Cl	CHEMBL4461009	3717
Nc1nccc(Oc2ccc(NC(=O)c3cc4ccccc4n(-c4ccc(F)c(Cl)c4)c3=O)cc2F)c1Cl	CHEMBL4437901	3717
Nc1nccc(Oc2ccc(NC(=O)c3cc4ccccc4n(-c4ccc(F)c(F)c4)c3=O)cc2F)c1Cl	CHEMBL4461741	3717
Nc1nccc(Oc2ccc(NC(=O)c3cc4ccccc4n(-c4ccc(F)cc4)c3=O)cc2F)c1Cl	CHEMBL4571149	3717
Nc1nccc(Oc2ccc(NC(=O)c3cc4ccccc4n(-c4cccc(Cl)c4)c3=O)cc2F)c1Cl	CHEMBL4539641	3717
Nc1nccc(Oc2ccc(NC(=O)c3cc4ccccc4n(-c4cccc(F)c4)c3=O)cc2F)c1Cl	CHEMBL4527370	3717
Nc1nccc(Oc2ccc(NC(=O)c3cc4ccccc4n(-c4ccccc4)c3=O)cc2F)c1Cl	CHEMBL4582423	3717
Nc1nccc(Oc2ccc(NC(=O)c3cccn(-c4ccc(F)cc4)c3=O)cc2F)c1C#CCO	CHEMBL518656	3717
Nc1nccc(Oc2ccc(NC(=O)c3cccn(-c4ccc(F)cc4)c3=O)cc2F)c1CO	CHEMBL517293	3717
Nc1nccc(Oc2ccc(NC(=O)c3cccn(-c4ccc(F)cc4)c3=O)cc2F)c1Cl	CHEMBL462624	3717
Nc1nccc(Oc2ccc(NC(=O)c3cccn(-c4ccc(F)cc4)c3=O)cc2F)n1	CHEMBL3091589	3717
Nc1nccc(Oc2ccc(NS(=O)(=O)CC(=O)Nc3ccc(F)cc3)cc2F)c1Cl	CHEMBL3260956	3717
Nc1nccc(Oc2ccc(NS(=O)(=O)CC(=O)Nc3ccccc3)cc2F)c1Cl	CHEMBL3260954	3717
Nc1nccc(Oc2ccc(Nc3nccc4[nH]cc(-c5ccc(F)cc5)c(=O)c34)cc2F)c1Cl	CHEMBL4580644	3717
Nc1ncnc(Oc2ccc(NC(=O)C3(C(=O)Nc4ccc(F)cc4)CC3)cc2F)c1C=NO	CHEMBL3814311	3717
Nc1ncnc(Oc2ccc(NC(=O)C3(C(=O)Nc4ccc(F)cc4)CC3)cc2F)c1C=NOCCCO	CHEMBL3813791	3717
Nc1ncnc2[nH]cc(-c3ccc(NC(=O)c4cn(CC5CCOCC5)cc(-c5ccc(F)cc5)c4=O)cc3)c12	CHEMBL4860162	3717
Nc1noc2cccc(-c3ccc(NC(=O)C4(C(=O)Nc5ccc(C(F)(F)F)cc5)CC4)cc3)c12	CHEMBL3394452	3717
Nc1noc2cccc(-c3ccc(NC(=O)C4(C(=O)Nc5ccc(Cl)cc5)CC4)cc3)c12	CHEMBL3394451	3717
Nc1noc2cccc(-c3ccc(NC(=O)C4(C(=O)Nc5ccc(F)c(Cl)c5)CC4)cc3)c12	CHEMBL3394454	3717
Nc1noc2cccc(-c3ccc(NC(=O)C4(C(=O)Nc5ccc(F)c(F)c5)CC4)cc3)c12	CHEMBL3394456	3717
Nc1noc2cccc(-c3ccc(NC(=O)C4(C(=O)Nc5ccc(F)cc5)CC4)cc3)c12	CHEMBL3394450	3717
Nc1noc2cccc(-c3ccc(NC(=O)C4(C(=O)Nc5ccc(F)cc5)CC4)cc3F)c12	CHEMBL3394457	3717
Nc1noc2cccc(-c3ccc(NC(=O)C4(C(=O)Nc5ccc(F)cc5F)CC4)cc3)c12	CHEMBL3394455	3717
Nc1noc2cccc(-c3ccc(NC(=O)CC(=O)Nc4ccc(F)cc4)cc3)c12	CHEMBL3394465	3717
O=C(C1CCCCC1)N1CCN(c2nnc3nncn3n2)CC1	CHEMBL3810279	3717
O=C(C=CC1CCCN1)N1CCN(c2cnc3cc(C(F)(F)F)cc(NCc4cccc([N+](=O)[O-])c4)c3c2)CC1	CHEMBL3220881	3717
O=C(CC(=O)Nc1ccc(Oc2ccnc3[nH]ccc23)c(F)c1)Nc1ccc(F)cc1	CHEMBL500921	3717
O=C(CC1CC1)Nc1nc2ccc(Sc3nnc4ccc(-c5ccc(F)cc5)nn34)cc2s1	CHEMBL4576381	3717
O=C(CCCN1CCOCC1)Nc1nc2ccc(Sc3nnc4ccc(-c5ccc(F)cc5)nn34)cc2s1	CHEMBL4470877	3717
O=C(CCc1ccc2ccc3ncc(-c4cnn(C5CCNCC5)c4)cc3c(=O)c2c1)NCc1ccccn1	CHEMBL1615181	3717
O=C(CO)Nc1cc(Oc2ccc(Nc3nccc4[nH]cc(-c5ccc(F)cc5)c(=O)c34)cc2F)ccn1	CHEMBL4575352	3717
O=C(CSC(=S)N1CCCCC1)Nc1cccc(NC(=O)c2ccccn2)c1	CHEMBL4582195	3717
O=C(Cc1ccc(F)cc1)NC(=O)Nc1ccc(Oc2ccnc3[nH]c(-c4cccnc4)cc23)c(F)c1	CHEMBL525260	3717
O=C(Cc1ccc(F)cc1)NC(=O)Nc1ccc(Oc2ccnc3[nH]cc(-c4cccnc4)c23)c(F)c1	CHEMBL524364	3717
O=C(Cc1ccc(F)cc1)NC(=O)Nc1ccc(Oc2ccnc3[nH]cc(C(=O)CN4CCC(O)C4)c23)c(F)c1	CHEMBL502544	3717
O=C(Cc1ccc(F)cc1)NC(=O)Nc1ccc(Oc2ccnc3[nH]cc(CO)c23)c(F)c1	CHEMBL499886	3717
O=C(Cc1ccc(F)cc1)NC(=O)Nc1ccc(Oc2ccnc3[nH]ccc23)c(F)c1	CHEMBL503090	3717
O=C(Cc1ccc(F)cc1)NC(=O)Nc1ccc(Oc2ncnn3ccc(-c4ccccc4)c23)c(F)c1	CHEMBL252213	3717
O=C(Cc1ccc(F)cc1)NC(=O)Nc1ccc(Oc2ncnn3ccc(CN4CCC(O)CC4)c23)c(F)c1	CHEMBL253882	3717
O=C(Cc1ccc(F)cc1)NC(=O)Nc1ccc(Oc2ncnn3ccc(CN4CCNCC4)c23)c(F)c1	CHEMBL252415	3717
O=C(Cc1ccc(F)cc1)NC(=O)Nc1ccc(Oc2ncnn3ccc(CN4CCOCC4)c23)c(F)c1	CHEMBL253656	3717
O=C(Cc1ccc(F)cc1)NC(=O)Nc1ccc(Oc2ncnn3ccc(CNC4CCNCC4)c23)c(F)c1	CHEMBL429490	3717
O=C(Cc1ccc(O)cc1)NN=C1C(=O)Nc2ncccc21	CHEMBL1822564	3717
O=C(Cc1ccccc1)NC(=O)Nc1ccc(Oc2ccnc3ccsc23)cc1	CHEMBL1822799	3717
O=C(Cc1ccccc1)NC(=O)Nc1ccc(Oc2ccnc3ccsc23)cc1F	CHEMBL1822801	3717
O=C(Cc1ccccc1)NC(=S)Nc1ccc(Oc2cccc3cc(-c4ncccn4)sc23)c(F)c1	CHEMBL1822207	3717
O=C(Cc1ccccc1)NC(=S)Nc1ccc(Oc2ccnc3cc(-c4ccccn4)sc23)c(F)c1	CHEMBL404639	3717
O=C(Cc1ccccc1)NC(=S)Nc1ccc(Oc2ccnc3cc(-c4cccnc4)sc23)c(F)c1	CHEMBL402042	3717
O=C(Cc1ccccc1)NC(=S)Nc1ccc(Oc2ccnc3cc(-c4cccs4)sc23)c(F)c1	CHEMBL402004	3717
O=C(Cc1ccccc1)NC(=S)Nc1ccc(Oc2ccnc3cc(-c4ccoc4)sc23)c(F)c1	CHEMBL403747	3717
O=C(Cc1ccccc1)NC(=S)Nc1ccc(Oc2ccnc3cc(-c4cncnc4)sc23)c(F)c1	CHEMBL256786	3717
O=C(Cc1ccccc1)NC(=S)Nc1ccc(Oc2ccnc3cc(-c4nccs4)sc23)c(F)c1	CHEMBL402550	3717
O=C(Cc1ccccc1)NC(=S)Nc1ccc(Oc2ccnc3cc(-c4nncs4)sc23)c(F)c1	CHEMBL257987	3717
O=C(Cc1ccccc1)NC(=S)Nc1ccc(Oc2ccnc3cc(C(=O)C4CCCO4)sc23)c(F)c1	CHEMBL1823123	3717
O=C(Cc1ccccc1)NC(=S)Nc1ccc(Oc2ccnc3cc(C(=O)N4CCCC4)sc23)c(F)c1	CHEMBL254964	3717
O=C(Cc1ccccc1)NC(=S)Nc1ccc(Oc2ccnc3cc(C(=O)N4CCOCC4)sc23)c(F)c1	CHEMBL401838	3717
O=C(Cc1ccccc1)NC(=S)Nc1ccc(Oc2ccnc3ccsc23)c(F)c1	CHEMBL257802	3717
O=C(Cc1ccccc1)NC(=S)Nc1ccc(Oc2ccnc3ccsc23)cc1	CHEMBL1823480	3717
O=C(N1CCOCC1)N1CCN(c2cnc3cc(C(F)(F)F)cc(NCc4cccc([N+](=O)[O-])c4)c3c2)CC1	CHEMBL3221109	3717
O=C(NC1CCCNC1)c1ccc(-c2cc(F)c3ncc(Cc4ccc5ncccc5c4)n3c2)cc1F	CHEMBL3582301	3717
O=C(NC1CCOCC1)c1ccc(-c2cc(F)c3ncc(Cc4ccc5ncccc5c4)n3c2)cc1F	CHEMBL3582304	3717
O=C(NCC1CCCCN1)c1ccc(-c2cc(F)c3ncc(Cc4ccc5ncccc5c4)n3c2)cc1F	CHEMBL3582300	3717
O=C(NCCCN1CCCC1)c1ccc(-c2cc(F)c3ncc(Cc4ccc5ncccc5c4)n3c2)cc1F	CHEMBL3582299	3717
O=C(NCCCN1CCCC1=O)c1cnc(NCc2cc(Cl)ccc2Cl)nc1NC1CCCC1	CHEMBL2312303	3717
O=C(NCCCN1CCOC1=O)c1cnc(NCc2cc(Cl)ccc2Cl)nc1NC1CCCC1	CHEMBL2312304	3717
O=C(NCCN1CCOCC1)Nc1nc2ccc(Sc3nnc4ccc(-c5ccc(F)cc5)nn34)cc2s1	CHEMBL4461070	3717
O=C(NCCN1CCOCC1)Nc1nc2ccc(Sc3nnc4ccc(-c5cccc(F)c5)nn34)cc2s1	CHEMBL4537541	3717
O=C(NCCN1CCOCC1)Nc1nc2ccc(Sc3nnc4ccc(NC5CC5)nn34)cc2s1	CHEMBL4513820	3717
O=C(NCCN1CCOCC1)Nc1nc2ccc(Sc3nnc4ccc(NC5CCCCC5)nn34)cc2s1	CHEMBL4466644	3717
O=C(NCCN1CCOCC1)Nc1nc2ccc(Sc3nnc4ccc(NC5CCOCC5)nn34)cc2s1	CHEMBL4593634	3717
O=C(NCCN1CCOCC1)Nc1nc2ccc(Sc3nnc4ccc(OC5CCCC5)nn34)cc2s1	CHEMBL4460814	3717
O=C(NCCN1CCOCC1)Nc1nc2ccc(Sc3nnc4ccc(OC5CCCCC5)nn34)cc2s1	CHEMBL4551712	3717
O=C(NCCN1CCOCC1)Nc1nc2ccc(Sc3nnc4ccc(OC5CCCCCC5)nn34)cc2s1	CHEMBL4451715	3717
O=C(NCCN1CCOCC1)Nc1nc2ccc(Sc3nnc4ccc(Oc5cccc(F)c5)nn34)cc2s1	CHEMBL4472923	3717
O=C(NCCN1CCOCC1)Nc1nc2ccc(Sc3nnc4ccc(Oc5ccccc5)nn34)cc2s1	CHEMBL4541666	3717
O=C(NCCN1CCOCC1)Nc1nc2ccc(Sc3nnc4cccnn34)cc2s1	CHEMBL4436706	3717
O=C(NCCN1CCOCC1)c1ccc(-c2cc(F)c3ncc(Cc4ccc5ncccc5c4)n3c2)cc1F	CHEMBL3582297	3717
O=C(NCCO)C1=Cc2c(ncnc2Nc2ccc(Oc3cccc4sccc34)c(Cl)c2)NCC1	CHEMBL2348417	3717
O=C(NCCO)c1ccc(-c2n[nH]c3c2CN(S(=O)(=O)c2c(Cl)cccc2Cl)CC3)cc1	CHEMBL4162881	3717
O=C(NCc1cc(F)cc(F)c1)c1ccc(-c2cc(F)c3ncc(Cc4ccc5ncccc5c4)n3c2)cc1F	CHEMBL3582303	3717
O=C(NCc1ccc(F)cc1)c1ccc(=O)n(-c2ccc(Oc3ccnc4[nH]ccc34)c(F)c2)c1	CHEMBL3309961	3717
O=C(NCc1ccc(F)cc1)c1ccc(=O)n(-c2ccc(Oc3ccnc4ccsc34)c(F)c2)c1	CHEMBL3309962	3717
O=C(NCc1ccc(F)cc1)c1ccc(=O)n(-c2ccc(Oc3ncnc4ccsc34)c(F)c2)c1	CHEMBL3309963	3717
O=C(NCc1ccccn1)c1ccc(-c2cc(F)c3ncc(Cc4ccc5ncccc5c4)n3c2)cc1F	CHEMBL3582302	3717
O=C(NN=Cc1ccc(Br)cc1)Nc1ccc(Oc2ccnc3[nH]ccc23)c(F)c1	CHEMBL4285414	3717
O=C(Nc1cc(Oc2cc(F)c(NC(=O)C3(C(=O)Nc4ccc(F)cc4)CC3)cc2F)ccn1)C1CC1	CHEMBL3545365	3717
O=C(Nc1cc(Oc2ccc(Nc3nccc4[nH]cc(-c5ccc(F)cc5)c(=O)c34)cc2F)ccn1)C1CC1	CHEMBL4434974	3717
O=C(Nc1cc(Oc2ccc(Nc3nccc4[nH]cc(-c5ccc(F)cc5)c(=O)c34)cc2F)ccn1)C1CCC1	CHEMBL4567013	3717
O=C(Nc1ccc(F)cc1)C1(C(=O)Nc2ccc(Oc3ccnc(NC4CC4)n3)c(F)c2)CC1	CHEMBL3287600	3717
O=C(Nc1ccc(F)cc1)C1(C(=O)Nc2ccc(Oc3ccnc(Nc4ccc([N+](=O)[O-])cc4)n3)c(F)c2)CC1	CHEMBL3287594	3717
O=C(Nc1ccc(F)cc1)C1(C(=O)Nc2ccc(Oc3ccnc(Nc4cccc([N+](=O)[O-])c4)n3)c(F)c2)CC1	CHEMBL3287593	3717
O=C(Nc1ccc(F)cc1)C1(C(=O)Nc2ccc(Oc3ccnc(Nc4ccccc4)n3)c(F)c2)CC1	CHEMBL3287591	3717
O=C(Nc1ccc(Oc2ccnc(NC(=O)C3CC3)c2)c(F)c1)c1cccn(-c2ccc(F)cc2)c1=O	CHEMBL4455682	3717
O=C(Nc1ccc(Oc2ccnc(NC(=O)C3CC3)c2)cc1)c1nc2ccccc2n(-c2ccc(F)cc2)c1=O	CHEMBL5207345	3717
O=C(Nc1ccc(Oc2ccnc3[nH]ccc23)c(F)c1)c1c[nH]cc(-c2ccc(F)cc2)c1=O	CHEMBL454356	3717
O=C(Nc1ccc(Oc2ccnc3[nH]ccc23)c(F)c1)c1cc(-c2ccc(F)cc2)ccn1	CHEMBL3752672	3717
O=C(Nc1ccc(Oc2ccnc3[nH]ccc23)c(F)c1)c1cc(-c2ccccc2)ncn1	CHEMBL3775762	3717
O=C(Nc1ccc(Oc2ccnc3[nH]ccc23)c(F)c1)c1cc2cccnc2n(-c2ccc(Cl)cc2)c1=O	CHEMBL4281698	3717
O=C(Nc1ccc(Oc2ccnc3[nH]ccc23)c(F)c1)c1cc2cccnc2n(-c2ccc(F)cc2)c1=O	CHEMBL4289577	3717
O=C(Nc1ccc(Oc2ccnc3[nH]ccc23)c(F)c1)c1cc2cccnc2n(-c2ccccc2)c1=O	CHEMBL4278233	3717
O=C(Nc1ccc(Oc2ccnc3[nH]ccc23)c(F)c1)c1ccc(-c2ccc(Cl)cc2)cn1	CHEMBL3752321	3717
O=C(Nc1ccc(Oc2ccnc3[nH]ccc23)c(F)c1)c1ccc(-c2ccc(F)cc2F)cn1	CHEMBL3752797	3717
O=C(Nc1ccc(Oc2ccnc3[nH]ccc23)c(F)c1)c1cccc(-c2ccc(F)cc2)[n+]1[O-]	CHEMBL459876	3717
O=C(Nc1ccc(Oc2ccnc3[nH]ccc23)c(F)c1)c1cccc(-c2ccccc2)[n+]1[O-]	CHEMBL459875	3717
O=C(Nc1ccc(Oc2ccnc3[nH]ccc23)c(F)c1)c1cccc(-c2ccccc2)n1	CHEMBL508403	3717
O=C(Nc1ccc(Oc2ccnc3[nH]ccc23)c(F)c1)c1cccn(-c2ccc(F)cc2)c1=O	CHEMBL509101	3717
O=C(Nc1ccc(Oc2ccnc3[nH]ccc23)c(F)c1)c1cccn(-c2ccccc2)c1=O	CHEMBL451809	3717
O=C(Nc1ccc(Oc2ccnc3[nH]ccc23)c(F)c1)c1cccn(-c2ccccn2)c1=O	CHEMBL454101	3717
O=C(Nc1ccc(Oc2ccnc3[nH]ccc23)c(F)c1)c1cccn(-c2cccnc2)c1=O	CHEMBL510316	3717
O=C(Nc1ccc(Oc2ccnc3[nH]ccc23)c(F)c1)c1cccn(C2CC2)c1=O	CHEMBL508006	3717
O=C(Nc1ccc(Oc2ccnc3[nH]ccc23)c(F)c1)c1cccn(Cc2ccc(F)cc2)c1=O	CHEMBL453850	3717
O=C(Nc1ccc(Oc2ccnc3[nH]ccc23)c(F)c1)c1cn(-c2ccc(Cl)cc2)c2ccccc2c1=O	CHEMBL4640888	3717
O=C(Nc1ccc(Oc2ccnc3[nH]ccc23)c(F)c1)c1cn(-c2ccc(F)cc2)c2ccccc2c1=O	CHEMBL4645353	3717
O=C(Nc1ccc(Oc2ccnc3[nH]ccc23)c(F)c1)c1cn(C2CC2)cc(-c2ccc(F)cc2)c1=O	CHEMBL455386	3717
O=C(Nc1ccc(Oc2ccnc3[nH]ccc23)c(F)c1)c1cn(CCO)cc(-c2ccc(F)cc2)c1=O	CHEMBL508633	3717
O=C(Nc1ccc(Oc2ccnc3[nH]ccc23)c(F)c1)c1cocc(-c2ccc(F)cc2)c1=O	CHEMBL451789	3717
O=C(Nc1ccc(Oc2ccnc3[nH]ccc23)c(F)c1)c1nccc(-c2cccc(Cl)c2)n1	CHEMBL3775533	3717
O=C(Nc1ccc(Oc2ccnc3[nH]ccc23)c(F)c1)c1nnn(-c2ccc(Cl)c(C(F)(F)F)c2)c1C(F)(F)F	CHEMBL3775721	3717
O=C(Nc1ccc(Oc2ccnc3[nH]ccc23)c(F)c1)c1nnn(-c2ccc(F)c(Cl)c2)c1C(F)(F)F	CHEMBL3775343	3717
O=C(Nc1ccc(Oc2ccnc3[nH]ccc23)c(F)c1)c1nnn(-c2ccc(F)c(F)c2)c1C(F)(F)F	CHEMBL3775126	3717
O=C(Nc1ccc(Oc2ccnc3[nH]ccc23)c(F)c1)c1nnn(-c2ccc(F)cc2)c1C(F)(F)F	CHEMBL3774451	3717
O=C(Nc1ccc(Oc2ccnc3[nH]ccc23)c(F)c1)c1nnn(-c2ccccc2)c1C(F)(F)F	CHEMBL3774954	3717
O=C(Nc1ccc(Oc2ccnc3[nH]ccc23)c(F)c1)c1nnn(-c2ccccc2F)c1C(F)(F)F	CHEMBL3774498	3717
O=C(Nc1ccc(Oc2ccnc3[nH]ccc23)cc1)c1cc(-c2ccc(Cl)cc2)ccn1	CHEMBL3753365	3717
O=C(Nc1ccc(Oc2ccnc3[nH]ccc23)cc1)c1cc(-c2ccccc2)ncn1	CHEMBL3774821	3717
O=C(Nc1ccc(Oc2ccnc3[nH]ccc23)cc1)c1cc2cccnc2n(-c2ccc(Cl)cc2)c1=O	CHEMBL4287907	3717
O=C(Nc1ccc(Oc2ccnc3[nH]ccc23)cc1)c1cc2cccnc2n(-c2ccc(F)cc2)c1=O	CHEMBL4280004	3717
O=C(Nc1ccc(Oc2ccnc3[nH]ccc23)cc1)c1cn(-c2ccc(Br)cc2)c2ccccc2c1=O	CHEMBL4639572	3717
O=C(Nc1ccc(Oc2ccnc3[nH]ccc23)cc1)c1nn(-c2ccc(Cl)c(C(F)(F)F)c2)ccc1=O	CHEMBL4165199	3717
O=C(Nc1ccc(Oc2ccnc3[nH]ccc23)cc1)c1nn(-c2ccc(Cl)c(F)c2)ccc1=O	CHEMBL4169694	3717
O=C(Nc1ccc(Oc2ccnc3[nH]ccc23)cc1)c1nnn(-c2ccc(Cl)c(C(F)(F)F)c2)c1C(F)(F)F	CHEMBL3774694	3717
O=C(Nc1ccc(Oc2ccnc3[nH]ccc23)cc1)c1nnn(-c2ccc(F)c(Cl)c2)c1C(F)(F)F	CHEMBL3775327	3717
O=C(Nc1ccc(Oc2ccnc3[nH]ccc23)cc1)c1nnn(-c2ccc(F)c(F)c2)c1C(F)(F)F	CHEMBL3775648	3717
O=C(Nc1ccc(Oc2ccnc3[nH]ccc23)cc1)c1nnn(-c2ccc(F)cc2)c1C(F)(F)F	CHEMBL3774862	3717
O=C(Nc1ccc(Oc2ccnc3[nH]ccc23)cc1)c1nnn(-c2ccccc2)c1C(F)(F)F	CHEMBL3775026	3717
O=C(Nc1ccc(Oc2ccnc3[nH]ccc23)cc1)c1nnn(-c2ccccc2F)c1C(F)(F)F	CHEMBL3774870	3717
O=C(Nc1ccc(Oc2ccnc3ccsc23)c(F)c1)NC1CC1c1ccccc1	CHEMBL1822797	3717
O=C(Nc1ccc(Oc2ccnc3ccsc23)cc1)NC1CC1c1ccccc1	CHEMBL1822798	3717
O=C(Nc1ccc(Oc2ccncc2)c(F)c1)c1cccc(-c2ccc(F)cc2)c1	CHEMBL4468222	3717
O=C(Nc1ccc(Oc2ccncc2)c(F)c1)c1cccn(-c2ccc(F)cc2)c1=O	CHEMBL4572309	3717
O=C(Nc1ccc(Oc2ccncc2-c2cccnc2)c(F)c1)c1ccnn(-c2ccc(Cl)cc2)c1=O	CHEMBL3946333	3717
O=C(Nc1ccc(Oc2ncnc3[nH]ccc23)c(F)c1)c1cc2cccnc2n(-c2ccc(Cl)cc2)c1=O	CHEMBL4797522	3717
O=C(Nc1ccc(Oc2ncnc3[nH]ccc23)c(F)c1)c1cc2cccnc2n(-c2ccc(F)cc2)c1=O	CHEMBL4753007	3717
O=C(Nc1ccc(Oc2ncnc3[nH]ccc23)c(F)c1)c1cccn(-c2ccc(F)cc2)c1=O	CHEMBL3260962	3717
O=C(Nc1ccc(Oc2ncnc3ccsc23)c(F)c1)c1nnn(-c2ccc(Cl)cc2)c1C(F)(F)F	CHEMBL4465473	3717
O=C(Nc1cccc(CC(=O)N2CCC(c3cc(Cl)ccc3Cl)=N2)c1)OCCCN1CCOCC1	CHEMBL1823478	3717
O=C(Nc1cccc(Cn2nc(-c3cc(F)cc(F)c3)ccc2=O)c1)OCCCN1CCOCC1	CHEMBL3402765	3717
O=C(Nc1cccc(Cn2nc(-n3ccc4ccc(F)cc43)ccc2=O)c1)OCCCCN1CCOCC1	CHEMBL3417478	3717
O=C(Nc1cccc(Cn2nc(-n3ccc4ccc(F)cc43)ccc2=O)c1)OCCCCn1cccn1	CHEMBL3417479	3717
O=C(Nc1cccc(NC(=O)c2ccccn2)c1)NC1CCCCC1	CHEMBL4437803	3717
O=C(Nc1nc2ccc(Sc3nnc4ccc(-c5ccc(F)cc5)nn34)cc2s1)C1CC1	CHEMBL4457387	3717
O=C(Nc1nc2ccc(Sc3nnc4ccc(-c5ccc(F)cc5)nn34)cc2s1)OCCN1CCOCC1	CHEMBL4537419	3717
O=C(O)c1ccc(Nc2nccc(Oc3ccc(NC(=O)C4(C(=O)Nc5ccc(F)cc5)CC4)cc3)n2)cc1	CHEMBL4870685	3717
O=C(O)c1cnc2ccn(S(=O)(=O)c3ccccc3[N+](=O)[O-])c2c1	CHEMBL561583	3717
O=C(c1ccc(-c2cc(F)c3ncc(Cc4ccc5ncccc5c4)n3c2)cc1F)N1CCC2(COC2)C1	CHEMBL3582295	3717
O=C(c1ccc(-c2n[nH]c3c2CN(S(=O)(=O)c2c(Cl)cccc2Cl)CC3)cc1)N1CCCC1	CHEMBL4167248	3717
O=C(c1ccc(-c2n[nH]c3c2CN(S(=O)(=O)c2c(Cl)cccc2Cl)CC3)cc1)N1CCN(CCO)CC1	CHEMBL4160311	3717
O=C(c1ccc(-c2n[nH]c3c2CN(S(=O)(=O)c2c(Cl)cccc2Cl)CC3)cc1)N1CCNCC1	CHEMBL4164791	3717
O=C(c1cccnc1)N1CCN(c2cnc3ccn(S(=O)(=O)c4cccc5nonc45)c3c2)CC1	CHEMBL564904	3717
O=C1NC(=O)C(c2cn3c4c(cccc24)CCC3)C1c1c[nH]c2ccccc12	CHEMBL2103882	3717
O=C1Nc2ccccc2C1=Cc1c[nH]nc1-c1ccccc1[N+](=O)[O-]	CHEMBL2347053	3717
O=S(=O)(c1c(Cl)cccc1Cl)n1ccc2ncccc21	CHEMBL550651	3717
O=S(=O)(c1c(Cl)nc2sccn12)[N+]1=C2C=C(N3CCNCC3)C=NC2C=C1	CHEMBL1822793	3717
O=S(=O)(c1c(Cl)nc2sccn12)n1ccc2ncc(-c3cnn(C4CCNCC4)c3)cc21	CHEMBL564371	3717
O=S(=O)(c1c(Cl)nc2sccn12)n1ccc2ncc(N3CCNCC3)cc21	CHEMBL560575	3717
O=S(=O)(c1c(Cl)nc2sccn12)n1ccc2ncc(O)cc21	CHEMBL561058	3717
O=S(=O)(c1c(Cl)nc2sccn12)n1ccc2ncccc21	CHEMBL559926	3717
O=S(=O)(c1cc(Cl)ccc1Cl)n1ccc2ncccc21	CHEMBL550104	3717
O=S(=O)(c1cccc(Cl)c1)n1ccc2ncccc21	CHEMBL562958	3717
O=S(=O)(c1cccc(Cl)c1Cl)n1ccc2ncccc21	CHEMBL564828	3717
O=S(=O)(c1cccc2nonc12)n1ccc2ncc(-c3cnn(C4CCNCC4)c3)cc21	CHEMBL554497	3717
O=S(=O)(c1cccc2nonc12)n1ccc2ncc(N3CCNCC3)cc21	CHEMBL549571	3717
O=S(=O)(c1cccc2nonc12)n1ccc2ncccc21	CHEMBL556837	3717
O=S(=O)(c1ccccc1)c1c[nH]c2ncccc12	CHEMBL538932	3717
O=S(=O)(c1ccccc1)n1ccc2ncccc21	CHEMBL556118	3717
O=S(=O)(c1ccccc1Cl)n1ccc2ncccc21	CHEMBL554510	3717
O=[N+]([O-])c1cccc(-c2cnc3nnc(Cc4ccc5ncccc5c4)n3n2)c1	CHEMBL3798623	3717
O=[N+]([O-])c1cccc(S(=O)(=O)c2c[nH]c3ncccc23)c1	CHEMBL551998	3717
O=[N+]([O-])c1cccc(S(=O)(=O)n2ccc3ncccc32)c1	CHEMBL563356	3717
O=[N+]([O-])c1cccc(S(=O)(=O)n2ccc3nccnc32)c1	CHEMBL561258	3717
O=[N+]([O-])c1ccccc1CCn1ccc2ncccc21	CHEMBL540744	3717
O=[N+]([O-])c1ccccc1S(=O)(=O)c1c[nH]c2ncccc12	CHEMBL552195	3717
O=[N+]([O-])c1ccccc1S(=O)(=O)n1ccc2ncc(N3CCNCC3)cc21	CHEMBL561864	3717
O=[N+]([O-])c1ccccc1S(=O)(=O)n1ccc2ncccc21	CHEMBL550305	3717
O=c1c(-c2ccc(F)cc2)c[nH]c2ccnc(Nc3ccc(Oc4ccnc5cc(O)ccc45)c(F)c3)c12	CHEMBL4793318	3717
O=c1c2cc(CS(=O)(=O)NCc3ccccn3)ccc2ccc2ncc(-c3cnn(C4CCNCC4)c3)cc12	CHEMBL2323783	3717
O=c1c2cc(NS(=O)(=O)c3ccccc3)ccc2ccc2ncc(-c3ccccc3)cc12	CHEMBL1802824	3717
O=c1ccc(-c2cc(F)c(F)c(F)c2)nn1CC1CN(c2ncc(-c3cnn(C4CCNCC4)c3)cn2)CCO1	CHEMBL3335764	3717
O=c1ccc(-c2cc(F)cc(F)c2)nn1CC1CN(c2ncc(-c3cnn(C4CCNCC4)c3)cn2)CCO1	CHEMBL3335761	3717
O=c1ccc(-c2ccc(F)c(Cl)c2)nn1CC1CN(c2ncc(-c3cnn(C4CCNCC4)c3)cn2)CCO1	CHEMBL3334513	3717
O=c1ccc(-c2cccc(Cl)c2)nn1CC1CN(c2ncc(-c3cnn(C4CCNCC4)c3)cn2)CCO1	CHEMBL3335762	3717
O=c1ccc(-c2cccc(F)c2)nn1CC1CN(c2ncc(-c3cnn(C4CCNCC4)c3)cn2)CCO1	CHEMBL3335765	3717
O=c1ccc(-c2cccnc2)nn1CC1CN(c2ncc(-c3cnn(C4CCNCC4)c3)cn2)CCO1	CHEMBL5174958	3717
O=c1ccc(-n2ccc3ccc(F)cc32)nn1CCOc1ccnc2cc(OCCCN3CCOCC3)ccc12	CHEMBL3417489	3717
O=c1ccc(-n2ccc3ccc(F)cc32)nn1Cc1cccc(-c2ncc(OCCN3CCOCC3)cn2)c1	CHEMBL3417484	3717
OC1CCC(n2cc(-c3ccc4cn(Cc5ccc6ncccc6c5)nc4c3)cn2)CC1	CHEMBL2402849	3717
OC1CCC(n2cc(-c3ccc4cnn(Cc5ccc6ncccc6c5)c4c3)cn2)CC1	CHEMBL2402844	3717
OCC(Nc1cnc(-c2cc(Cl)ccc2O)c(-c2ccc3cnccc3c2)c1)c1ccccc1	CHEMBL4067871	3717
OCCn1cc(-c2cc(F)c3ncc(Cc4ccc5ncccc5c4)n3c2)cn1	CHEMBL3582280	3717
OCCn1cc(-c2ccc3cn(Cc4ccc5ncccc5c4)nc3c2)cn1	CHEMBL2402847	3717
OCCn1cc(-c2ccc3cnn(Cc4ccc5ncccc5c4)c3c2)cn1	CHEMBL2402842	3717
OCCn1cc(-c2cnc3nnn(Cc4c[nH]c5ncccc45)c3n2)cn1	CHEMBL3334556	3717
OCCn1cc(-c2cnc3nnn(Cc4cc5cccnc5[nH]4)c3n2)cn1	CHEMBL3334555	3717
OCCn1cc(-c2cnc3nnn(Cc4ccc5nccn5c4)c3n2)cn1	CHEMBL3334550	3717
OCCn1cc(-c2cnc3nnn(Cc4ccn5nccc5c4)c3n2)cn1	CHEMBL3334551	3717
OCCn1cc(-c2cnc3nnn(Cc4n[nH]c5ncccc45)c3n2)cn1	CHEMBL3334549	3717
Oc1ccc(Cc2nnc3ccc(-c4ccccc4)cn23)cc1	CHEMBL496101	3717
Oc1ccc(Cc2nnc3ccc(-c4ccccc4)nn23)cc1	CHEMBL495898	3717
Oc1ccc(Cc2nnc3ccc(-c4ccco4)nn23)cc1	CHEMBL497119	3717
Oc1ccc(Cc2nnc3ccc(-c4cccs4)nn23)cc1	CHEMBL523386	3717
Oc1ccc(Cc2nnc3ccc(-c4ccsc4)nn23)cc1	CHEMBL497117	3717
Oc1ccc(Cc2nnc3ncc(-c4ccccc4)cn23)cc1	CHEMBL495899	3717
Oc1ccc(Cc2nnc3ncc(-c4ccccc4)nn23)cc1	CHEMBL498769	3717
Oc1ccc(Cc2nnc3ncc(-c4cccs4)nn23)cc1	CHEMBL1822974	3717
Oc1ccc(Cc2nnc3nccnn23)cc1	CHEMBL1822002	3717
Oc1ccc(Cn2cnc3ncc(-c4ccc(F)cc4)nc32)cc1	CHEMBL1822377	3717
Oc1ccc(Cn2cnc3ncc(-c4cccs4)nc32)cc1	CHEMBL1823253	3717
Oc1ccc(Cn2cnc3ncc(Br)cc32)cc1	CHEMBL1822381	3717
Oc1cccc(-c2cnc3nnc(Cc4c[nH]c5ccccc45)n3n2)c1	CHEMBL3798974	3717
Oc1cccc(-c2cnc3nnc(Cc4ccc5ncccc5c4)n3n2)c1	CHEMBL3800471	3717
c1cc(Cn2ccc3ncc(N4CCNCC4)cc32)c2nonc2c1	CHEMBL563731	3717
c1ccc(-c2ccc3nnc(Cc4ccc5ncccc5c4)n3c2)cc1	CHEMBL3414732	3717
c1ccc(-c2cnc3nnc(Cc4ccc5ncccc5c4)n3n2)cc1	CHEMBL3799192	3717
c1ccc(-c2nc3ccc(Nc4ncnc5ccccc45)cc3[nH]2)cc1	CHEMBL3321892	3717
c1ccc(COc2ccc(-c3cnc4nnc(Cc5c[nH]c6ccccc56)n4n3)cc2)cc1	CHEMBL3798619	3717
c1ccc(COc2ccc(-c3cnc4nnc(Cc5ccc6ncccc6c5)n4n3)cc2)cc1	CHEMBL3798542	3717
c1ccc(Cn2cc(-c3cnc4nnc(Cc5ccc6ncccc6c5)n4n3)cn2)cc1	CHEMBL3798660	3717
c1cn2cc(Cn3nnc4ncc(N5CCOCC5)nc43)ccc2n1	CHEMBL3334566	3717
c1cnc2ccc(Cc3nnc4ncc(-c5cnc6ccccc6c5)nn34)cc2c1	CHEMBL3798174	3717
c1cnc2ccc(Cc3nnc4ncc(-c5cnn(C6CCNCC6)c5)nn34)cc2c1	CHEMBL3798746	3717
c1cnc2ccc(Cn3cc4ccc(-c5cnn(CCOC6CCCCO6)c5)cc4n3)cc2c1	CHEMBL2402846	3717
c1cnc2ccc(Cn3ncc4ccc(-c5cnn(CCOC6CCCCO6)c5)cc43)cc2c1	CHEMBL2402841	3717
c1csc(-c2cnc3nnc(Cc4ccc5ncccc5c4)n3n2)c1	CHEMBL3797547	3717
